cape,cin,dewpoint_2m,temp_2m,tcwv,surface_pressure,shear_0_1km,shear_0_3km,cin_missing
0.5098656168838699,0.1975194972915791,0.8822064210765168,0.7064638082204819,0.41382299693058683,0.9204277545491255,0.5867676922681543,0.5553687075697104,0.0
0.010660060587421446,0.3259639382633672,0.7632709812439442,0.8193225843746905,0.21024811693551604,0.6707566462167689,8.745769336874327e-05,0.16355824926006565,0.0
0.0,0.0,0.6537964173663715,0.6662991658310364,0.36324564347475646,0.9552551027053782,0.25243469974933747,0.22170945544324192,1.0
0.0024958690125531846,0.0,0.6465922475929071,0.5735710728732242,0.1906714991955969,0.9704984825394347,0.49740856183973375,0.3599957878164905,1.0
0.0,0.0,0.5471918146223027,0.4961495534449236,0.2215551975777047,0.8677488179438084,0.7185783874651891,0.15105238365221538,1.0
0.08835071006597747,0.34256048446818904,0.6972717809067897,0.47331135381111444,0.328121937328307,0.8835434332382479,0.7848502906923401,0.061779517594044875,0.0
8.803937726813813e-05,0.0,0.6161231120572586,0.4467356782355125,0.3564985355659365,0.9041887121774583,0.5873122731658318,0.16937842329925967,1.0
0.1256515830994689,0.2553706041819484,0.8405933354225423,0.7549980995244656,0.3056694102650089,0.8558602633738426,0.16102150111764973,0.11969789115007226,0.0
0.055441488781369355,0.08661671940920325,0.8440873577626737,0.6914806555771591,0.6047368442242673,0.8806372031834111,0.24712053633194994,0.04250354524372161,0.0
0.0008457223512572355,0.0,0.6364829963582919,0.45700202440316406,0.16059125267155488,0.8434527763666915,0.367077178553003,0.3001746032489808,1.0
0.0038718133946232555,0.0,0.714468134156049,0.5193376219345858,0.20951804937344398,0.7875247808474333,0.16181675507967572,0.07433478741956262,1.0
0.09869209754289672,0.1954253757121246,0.5155375931589203,0.7441982600258585,0.27575598913411,0.4228986753155408,0.023557429352047937,0.656118504619634,1.0
0.04859099129972154,0.1954253757121246,0.7542045335840379,0.6097685198129295,0.39827284101329147,0.8480866971461323,0.15434569447789806,0.10936165963623688,1.0
0.0028848986501397982,0.0,0.5071627457972676,0.5445017315863563,0.13755483673225571,0.9259724121761557,0.20445838349909373,0.009193398906033283,1.0
0.0053093609347036564,0.0,0.7884657639841928,0.5570826529278277,0.38254665717055786,0.8620051320125568,0.21034142172564593,0.21429892435572429,1.0
0.0,0.0,0.6756421616831831,0.7336719680992143,0.3851474343745522,0.8316715511963841,0.05920102679197398,0.32177924192917506,1.0
0.31245825821192025,0.21875323208071687,0.7815245464074616,0.5576448611972769,0.3621146758519344,0.6928623344144427,0.08380740253284667,0.2234678407522646,0.0
0.20160828062409505,0.10508127490584915,0.8306191623711809,0.7266942380453285,0.382640806154807,0.7826730751696562,0.3297871638180515,0.14322964499501684,0.0
0.03872779653413585,0.020835953515273745,0.7980112889340356,0.6288911575369536,0.5609924889786773,0.8336211949513501,0.08894245445432444,0.40808435131951243,0.0
0.06441044117431276,0.9741616798485352,0.7711172226484697,0.7975445704963073,0.37936635639434346,0.7871433967670929,0.1633760929940612,0.3384335082921615,0.0
0.007249760568985243,0.0,0.6088225865130719,0.4114011907631596,0.4188796704455204,0.9169973818920716,0.6151270866289539,0.06817802474051064,1.0
0.0,0.0,0.444828666832362,0.7702789807405885,0.08171621564205442,0.8364461464316881,0.2910897570862421,0.08900243238483643,1.0
0.002697034256311027,0.0,0.792307387515895,0.6272997454194007,0.38840937812958914,0.9718270746225888,0.6683735079329952,0.4986294808771584,1.0
0.0,0.0,0.4551702525421719,0.41282182456230476,0.19341880902921205,0.9593070480507473,0.7153462915177642,0.3227009676363444,1.0
0.0010170411117932652,0.0,0.7707489094688009,0.5807452735589065,0.34259634081655044,0.9266653641254088,0.6740874238825988,0.450725620094547,1.0
0.016436903293595703,0.17969791404648472,0.7568952909944278,0.4944553720738156,0.44022105072478573,0.9399419066598935,0.3992084645874077,0.3383061776674426,0.0
0.03249641097538637,0.6456939145505638,0.7596346765507862,0.7460617084028218,0.4273150890869279,0.9153504487254636,0.6447458622271829,0.6721815911273862,0.0
0.0,0.0,0.055796294895485765,0.46448453284951174,0.0949922842518289,0.8538460135724799,0.20349337359478195,0.04467994054919728,1.0
0.00042013952821307043,0.0,0.6270473349974965,0.5858172384843652,0.3221280212934799,0.9541505477185992,0.45085039366071017,0.41469384046973534,1.0
0.0014928827736758476,0.0,0.5417103419459179,0.5048305327452312,0.34663200517146925,0.9034092714886746,0.6663023716549941,0.45255623164810305,1.0
0.08540153884311526,0.6391082519853134,0.7189887506888963,0.6556036068985369,0.37268461006105486,0.8994610084274419,0.44684534291687733,0.1246907369282769,0.0
0.344952627951745,0.3353801504304504,0.7913942589971077,0.5892025786014763,0.6484186694427245,0.844850142628268,0.2071617424589902,0.46362994358317605,0.0
1.9820693134963894e-05,0.0,0.7526745480283994,0.650375976780194,0.4311294207420329,0.8708077058340824,0.46923435454928497,0.4127117068276719,1.0
0.01671348516536493,0.1954253757121246,0.750885212360914,0.8037802460870225,0.25771454255089454,0.8118593776457872,0.09328801580366808,0.07817887218663391,1.0
0.0007876210955601174,0.0,0.6388153463224517,0.8913124464900894,0.3698422073937245,0.6268036940070076,0.013661586196208117,0.05891285655860999,1.0
0.04351775176776917,0.18472626284610877,0.8871322721591257,0.6497865648848036,0.7320921044293336,0.8932244408841652,0.41460150955857644,0.12442546124467638,0.0
0.001982779308474358,0.0,0.704755112258975,0.5825724504346157,0.37952610291649047,0.8960869055527336,0.45213307640335254,0.08995888348668152,1.0
0.0,0.0,0.7300201356545175,0.562199957229855,0.24990277244424997,0.8519724382269809,0.31240138667405265,0.03805284910274113,1.0
0.029184221539022982,0.0899968168711852,0.8724717866701246,0.6103745561463949,0.6034911988913072,0.9578575801388509,0.3717318068882012,0.5612151379028839,0.0
0.0002690289304020323,0.0,0.63464233098117,0.5133513129149971,0.3531570724933758,0.8862136428171361,0.6165401852701153,0.5688798912446971,1.0
0.0010422726276582805,0.804155238280287,0.7856165148387886,0.7039625859464556,0.33327063616619085,0.9116637359488364,0.1202116312047847,0.0372047449615854,0.0
0.09769480605540518,0.0999640360416538,0.8754200931499136,0.6622972101925937,0.6093763362751599,0.9817618173055633,0.47747038435230926,0.2763115561293663,0.0
0.0,0.0,0.6578541659912736,0.484974908433351,0.27152164446656524,0.9626530160342828,0.5630699254482833,0.42466940554658306,1.0
0.07024974310015047,0.1954253757121246,0.5667556381633689,0.710275338477337,0.28528414949496017,0.2740213356258061,0.024174575658522022,0.034735987927524185,1.0
0.2880186631646559,0.05595194567493627,0.882099259051139,0.7081534556539335,0.4798230866257814,0.8575337683821136,0.5359770903847465,0.28583482063132265,0.0
0.12125155932647037,0.06898088666705827,0.970828515544798,0.6848308803471177,0.8227363396482419,0.9689479374259182,0.6003486627578491,0.45291458202934914,0.0
0.0008188608745907471,0.0,0.7145870029573116,0.46757516701892676,0.2677776295966889,0.9889044325479008,0.47154459087925726,0.010597497733430885,1.0
0.1958135382789059,0.18002586041126625,0.7795911273445073,0.6789805894572343,0.3150149357541578,0.7204866294139869,0.23334479780467093,0.36229534767409904,0.0
1.3608237077736404e-05,0.0,0.7216029637954451,0.5053564695134254,0.30618451611116376,0.8415625284930903,0.5084758871431597,0.033474747042044325,1.0
0.008682486059840271,0.0,0.753163531051773,0.6063967815087885,0.3905526243048641,0.8891506128456621,0.27424020809543437,0.08770901511797954,1.0
0.0240546354004206,0.1954253757121246,0.7880001945125832,0.5623858486737854,0.5413019014157197,0.9278835007098851,0.82723977331291,0.7990046734717323,1.0
0.570375412211251,0.32068365975465807,0.9075903132733218,0.7766370726480387,0.48783660455581684,0.8342693394813283,0.40570944745002174,0.27743047339704674,0.0
0.0015685564050776947,0.0,0.5489541346531377,0.53857965335024,0.3974639620207953,0.7774545738736274,0.42858371096892023,0.10526967732309532,1.0
0.0,0.0,0.5317541793189902,0.5339134758450692,0.0,0.9603407447930916,0.16439767328119795,0.06015725728282892,1.0
0.00015752193104227026,0.0,0.6517972602542352,0.48102887135934225,0.31231340261965124,0.8721962148151046,0.2795307355056556,0.16055199890559851,1.0
0.009689101778253422,0.0,0.6637624857267381,0.45517560318373107,0.4309406508488017,0.8453576127023825,0.7386549504043848,0.2461522773587294,1.0
0.14305079398738388,0.4110392062059966,0.92450660442264,0.8012412409991887,0.46873214751134257,0.9747755070141846,0.41723009742015876,0.12821229553394747,0.0
0.010367969762852211,0.0,0.6875677642219324,0.5271828453934813,0.3648372096370629,0.8712500488452974,0.6047368860991388,0.840542503293928,1.0
0.14332372789016473,0.22781628451548414,0.9073831933923353,0.751029392762173,0.635776749693024,0.8673794172430411,0.3018815789657694,0.03216279972196898,0.0
0.12333013618650339,0.1954253757121246,0.7381554443712028,0.9246716484566093,0.33455096796703215,0.597422531358681,0.0034159495835957053,0.13817884634896174,1.0
0.11330150149737941,0.16033047052568317,0.7295230479401473,0.6449715230932336,0.3889539792715615,0.7861888945332343,0.4504962026817614,0.4841054973970818,0.0
0.006745006834589157,0.27055446438836983,0.635665323089003,0.41339158939451526,0.28740710290671273,0.8680619488622301,0.5011895320271804,0.1268802026925691,0.0
0.0,0.0,0.47491327980635223,0.5916977556252938,0.2022938255594819,0.29617078920974826,0.005620015470959092,0.30484096590219234,1.0
0.0025820150698800727,0.19838629113277712,0.7325073752688054,0.6369381412215791,0.4024425319924045,0.9463134174774988,0.8163128472962825,0.7223990489723178,0.0
0.0,0.0,0.5964593306605872,0.72195325056882,0.22625108463420002,0.8877188594948744,0.28447743285545807,0.4158578017872833,1.0
0.0,0.0,0.3145448585641377,0.19748094423785645,0.08400118671373191,0.81074700741146,0.5772412882352751,0.09998687634697452,1.0
0.2384040957716959,0.039837387429452774,0.9588353739144226,0.7301181166325232,0.7125261049959088,0.9710570122308626,0.2777934941551776,0.19252994053954273,0.0
0.025462793955670755,0.1954253757121246,0.6677580983873463,0.888685785274224,0.17365519111381067,0.5758795409844608,0.011918813707474028,0.047358961051740006,1.0
0.6702811722111752,0.24048646454802833,0.925998768086969,0.825090508730475,0.5700491965311822,0.8315444231696039,0.42864772727925404,0.33551030362233786,0.0
0.01900261991105183,0.1954253757121246,0.8137911223015886,0.6261133650658595,0.51248759298816,0.9269050317168799,0.3021251047505962,0.0,1.0
0.0001382123557112706,0.0,0.4774023204630842,0.7369122222113074,0.27416206334813814,0.83804149896448,0.4735881829244208,0.6232589032741468,1.0
0.13356665148855182,0.8226372172023511,0.7410965466812192,0.741029037603723,0.39951683460968573,0.8551579331275319,0.3243121711695372,0.08954157910236087,0.0
0.042520267989971085,0.34705517908614075,0.7116693141990575,0.6762511589878137,0.33886695561339947,0.6032058145441757,0.00961935577157161,0.15336505154094907,0.0
0.2191670776748706,0.1478324380155953,0.9880122614969542,0.7549520044916207,0.571063598744934,0.9871024969715916,0.07941032257756235,0.22830554664835026,0.0
0.00013608237077736404,0.0,0.8261759906633968,0.7495362159605179,0.3054188182317443,0.9053490159300797,0.3514006479609579,0.11235315777744816,1.0
0.15815342257812431,0.03861329177191325,0.8677242387894113,0.616005706716197,0.6464516871552544,0.9840678363487165,0.24388597245630278,0.08078625833540322,0.0
0.12961242320812652,0.8281597448677068,0.7075935551497201,0.7655871109220289,0.27432039409608594,0.6667135581519545,0.01560921607855863,0.16990317151159176,0.0
0.0,0.0,0.43980015633048364,0.28719245734131427,0.13324395177206486,0.8447198885024685,0.5981118656389012,0.14341428303857007,1.0
0.0,0.0,0.5050447198838688,0.35450934104505727,0.13252162672514484,0.8603858127206179,0.5063884927430339,0.07663398444371013,1.0
0.15878008189555406,0.31250913141251085,0.9237933916150665,0.8220278338432756,0.48695268953076126,0.972610162426895,0.445302100406128,0.11586303177577634,0.0
0.2502644139630453,0.18662721268873467,0.7502674548028407,0.5551511954860118,0.5153580751771085,0.8073442486290756,0.26695983953054075,0.4519930535821963,0.0
0.15507639309297952,0.1770937669919583,0.849832683157012,0.6322054659641081,0.6041964904048926,0.97292381436182,0.7894787124963563,0.5730520216067226,0.0
0.027997165404216703,0.00019767443908337435,0.8748815814593494,0.6061466592813858,0.7101308510131701,0.8676633712372839,0.24239550582305444,0.3128100842054021,0.0
0.5240619664683572,0.23401568205563844,0.8591575804075395,0.7592222181080919,0.48716505566064655,0.7970051971396193,0.3815214533402259,0.4146026790718735,0.0
0.11301937463879005,0.0041787538248380445,0.9544012074188535,0.6748018102501749,0.8738311585738925,0.9633412788350073,0.364914421638391,0.5150698641467044,0.0
0.0,0.0,0.7224458516589403,0.5841895548655573,0.4466677785410013,0.9449572115196752,0.6151670526025448,0.5587579405743123,1.0
0.00028982586663170337,0.0,0.47887557318175755,0.4104037244786536,0.34485520855142954,0.9108316725932295,1.0000000000000002,0.17570521555819985,1.0
0.0,0.0,0.6853308695072693,0.6008049250653453,0.334336006251115,0.9516585257838042,0.5046820070180766,0.1381545278620511,1.0
0.0006795783840335324,0.0,0.6056365424307595,0.4331867612043041,0.17696680494700412,0.9286327224414834,0.6863893529067899,0.04778773214976111,1.0
0.0006941680065849668,0.0,0.6632428849818259,0.481642464255569,0.31480846868343604,0.9024000625219806,0.853811500375554,0.3801760328330538,1.0
0.09693079229286251,0.244534018057478,0.962416746813056,0.6964959462819067,0.7270604429252532,0.9768046057858886,0.30431702868994526,0.4288405120020508,0.0
0.2044656849960548,0.2712659614580336,0.9245147091136348,0.7334301580908491,0.45320629571780074,0.9817498339259898,0.31946635678297136,0.05212200763944164,0.0
0.0,0.0,0.5822193885821116,0.5238987632173728,0.15706632885901,0.9171331066911543,0.47401806698488713,0.3511509356792502,1.0
0.39881435571979057,0.22292691518668747,0.7894905571344699,0.557853422329492,0.4128258199695924,0.805454000755474,0.3309247445568085,0.40650933619677077,0.0
0.7040234468741525,0.4132273562307738,0.9498265596127036,0.872538921965643,0.6193079922827918,0.8053893947090773,0.2649851356077765,0.10590146247832254,0.0
0.3047244308325259,0.13574833149324386,0.9806414952974789,0.7751907465355048,0.7462000583623418,0.991202115327003,0.09081826928097282,0.17587422452521406,0.0
0.0630208700657124,0.059430880479035775,0.9238600301854722,0.6476964196249977,0.776165155251513,0.936133276021518,0.6364989912211196,0.5036653103284683,0.0
0.03886192272083328,0.1628641393929261,0.6444436039579715,0.6536532580498173,0.22627491683322049,0.8577734359735847,0.4890826678253734,0.22380768101456436,0.0
0.09311046462781354,0.14019289748065897,0.7910646682299722,0.5964070055382047,0.6038411310808849,0.948914852877965,0.9242285783340896,0.5758903889321044,0.0
0.0012689976906230017,0.0,0.46422229186253094,0.4862459222898199,0.29457398786560585,0.9327761061831636,0.6688711407585988,0.3588112492001518,1.0
0.0,0.0,0.3791302405832502,0.806824029567319,0.17627608410955242,0.6925299258854025,0.10590720187166355,0.25568337210737063,1.0
0.0005673951907262468,0.0,0.8263020636344303,0.6159739691525976,0.5241389427231293,0.9356732184491943,0.4116248614957023,0.4486175247253021,1.0
0.002931569264033406,0.0,0.7407651548716396,0.5464278994342404,0.26592296539569127,0.9603897203443919,0.45377052740667395,0.5395552685547566,1.0
8.874937224610699e-07,0.0,0.5766721778565431,0.7521099812370542,0.29967431441834924,0.8891709324892867,0.2787566215353343,0.15090458868995854,1.0
2.946479158570752e-05,0.0,0.5885824715345249,0.7650785542481859,0.2969515446708541,0.873607127505764,0.2489933085283136,0.15225004644142923,1.0
0.014969990804973373,0.1954253757121246,0.7409857825709514,0.71327075995596,0.39698755400275276,0.8849704974405066,0.27440258384377314,0.21837992123748026,1.0
0.0007651379212577703,0.0,0.7540640522734554,0.6427529162664838,0.34651402398819964,0.9301697211259166,0.40230486652981273,0.21523580434293893,1.0
0.0,0.0,0.7299985231451958,0.5799979295018032,0.4142411222440942,0.9376942414650986,0.6328815179153477,0.4289564598567969,1.0
0.004239143348459382,0.0,0.5261619425323358,0.7812307071506996,0.2072313380793132,0.7581415341330939,0.36172223007254617,0.26615662521986944,1.0
0.11663566749704524,0.05010933611304826,0.8007551770965042,0.5782319607844615,0.41751911144005577,0.8932786266004977,0.8931098195718317,0.3063973766945332,0.0
0.040548404854283,0.019240762823139034,0.9665753538147888,0.7164792765044545,1.0,0.9277021869667723,0.8405194889075286,0.3329290918750884,0.0
0.006016970773293397,0.0,0.3211492812039607,0.39202314121780013,0.14716033375873908,0.9465338074583514,0.566294272602811,0.48360322366715486,1.0
0.0,0.0,0.6492505862393161,0.5246710439315887,0.24999173025643523,0.9642634780456674,0.8208847334154765,0.16032949539269678,1.0
3.85763938029745e-05,0.0,0.55052824574864,0.8004946525983616,0.27164104142403406,0.8697265965899472,0.24941560407538618,0.12157711650925446,1.0
0.0,0.0,0.5612876733053094,0.5052521889473178,0.28815062032367755,0.8477746082607167,0.12517047488290023,0.21012534366229746,1.0
0.04395231676686274,0.0740226972397654,0.7882190211694526,0.5804188300476136,0.3065002337575932,0.9774196657679135,0.33984943156535663,0.48994052827211587,0.0
0.0,0.0,0.26527193939852456,0.4589773099089962,0.07917265931194584,0.41841584932202736,0.018180138544632903,0.2666372636306191,1.0
2.6831893542406344e-05,0.0,0.6821088045760879,0.6081551936633689,0.27068893327504867,0.9383767730842876,0.7091618718226521,0.6651894358454958,1.0
0.0,0.0,0.6225195142948747,0.6254695459185866,0.20661429649081337,0.9709830278874083,0.07496752961119175,0.07184055003377948,1.0
0.12639425263798634,0.1954253757121246,0.30488406689792047,0.6469060031601543,0.07744298142697448,0.09206153204902767,0.038736294754763076,0.18739269348625429,1.0
0.028513233759101544,0.1954253757121246,0.7632799864561592,0.5248357769997858,0.5171332200605825,0.8320268844515653,0.432897399122488,0.6506309431328433,1.0
1.541280764674058e-05,0.0,0.7649117309098505,0.5052280079464815,0.5202793062936488,0.8465528245607179,0.1821571941617459,0.0518262946988764,1.0
0.3506489472431132,0.06949886682622476,0.7619472150480702,0.6542781857901856,0.4623321402437017,0.8128982845531634,0.361903074966697,0.13539510683178763,0.0
0.10555442087839632,0.07480961475606136,0.8411804752590806,0.576823417485735,0.49501104031043924,0.972939444856916,0.2883656207601796,0.4270346528438187,0.0
0.0031617453833168224,0.0,0.7737836659858717,0.8305863968268481,0.3966288912056133,0.844358303049249,0.24167751164011925,0.22971970678016854,1.0
0.16376516371774197,0.5918081627673338,0.8664797184610462,0.6587093541934763,0.39641510930152885,0.957206309509854,0.537296746527767,0.5970874827493436,0.0
0.0343251620504371,0.1954253757121246,0.5695004268470596,0.7790430822312713,0.21799924471396004,0.48837377723939435,0.04003287399745735,0.48606097786749136,1.0
0.47304160901901887,0.3442663013599591,0.8280022477009679,0.8197555754209196,0.38586263630753226,0.8251338361142588,0.27277561944596157,0.19777641273984736,0.0
0.05247155760118257,0.019653168870004335,0.8019510692788989,0.5864927951952348,0.46873663079630684,0.9039594649160514,0.4858444643567692,0.2573453009667673,0.0
0.0,0.0,0.5020423821307753,0.4432551254276067,0.18012917258336159,0.8481262944003753,0.39973714374958885,0.19144719627829243,1.0
0.1084407575457083,0.11504073551362594,0.8156515991455864,0.6084204290162942,0.5069162855518046,0.8906725020515025,0.40648067332041954,0.5432662015882633,0.0
5.936223636111481e-05,0.0,0.4808585209119043,0.6216746400998066,0.25621122631367366,0.8232560926367345,0.20366967132448707,0.17989161231251458,1.0
0.006952670196446144,0.20185520805562543,0.8716928358133691,0.6838681742513142,0.37206662462308887,0.9189063863597879,0.7306590174557854,0.5817618315830373,0.0
0.04270726291729363,0.009454444073330452,0.8119054308633844,0.5887250038349556,0.5021868918392607,0.8240303231604864,0.39400802583455485,0.6101929018815733,0.0
0.0003435192368405981,0.0,0.1853849007805719,0.4913405569035625,0.07236554322378541,0.39500345173433393,0.008260404044051482,0.179021016685536,1.0
0.16049436476985987,0.1505467425396046,0.7920696499133699,0.6625601785766912,0.4817657647894981,0.8841337449363711,0.45679508626605314,0.13328544828145075,0.0
0.0,0.0,0.6302784051408965,0.636078960035606,0.18720851550426865,0.9017003373581858,0.5804115154005013,0.10994318139430302,1.0
0.030077844515004802,0.5748886281467914,0.7361463815256277,0.6849260930379106,0.3589662299952028,0.8677967514621026,0.3429366938068386,0.3277621055812492,0.0
0.000165902159852056,0.0,0.3519543111552972,0.40365873655781925,0.30803752857559563,0.901854037226629,0.7175349596569114,0.12399359955182185,1.0
0.0,0.0,0.6438222443150101,0.6677288675054953,0.27751886397452386,0.9379938259544374,0.1329100305529755,0.06625522180751589,1.0
0.021874937875439423,0.1954253757121246,0.7526979615801634,0.4953984311064392,0.43157279402876,0.9559141885819233,0.27332795149012323,0.374146304119296,1.0
0.04968085208035629,0.0033058684528713676,0.7876363839390246,0.52717528883072,0.4873797814141971,0.9803384002188271,0.703988504820529,0.46423510789802713,0.0
0.062008583632201776,0.016907406472997877,0.773094767251286,0.6117045111924027,0.4553337324145175,0.9712685449311609,0.05990884145825273,0.08897035490750464,0.0
0.04609295902121986,0.1954253757121246,0.8344157598417974,0.6990765124649281,0.48813061366452465,0.8643226134187803,0.5213540984990611,0.5478622601171246,1.0
0.06377177850428671,0.044107075884485564,0.8382105562699698,0.5868630667705439,0.6336040082219316,0.8294864079819728,0.3099388066108515,0.6396861397409492,0.0
0.15313757430689107,0.08391543734633496,0.8378260337083097,0.6608780877060001,0.47616236647129334,0.8461802977609318,0.30899789496369773,0.08187886243535245,0.0
0.005970111104747453,0.0,0.5768774966950874,0.3958754769135675,0.22386172971062474,0.8517015096453182,0.6192127657234454,0.15266966270685875,1.0
0.0014976160735289733,0.0,0.5924565138302045,0.6188855127845709,0.2184515255800239,0.7990861370533913,0.2549103089209605,0.3172296786389033,1.0
0.0,0.0,0.6982101240197833,0.587821238928691,0.34740218633585296,0.8618180870879084,0.10636653909766197,0.20194517925088104,1.0
0.15094366024184322,0.025053809044780193,0.8226081255830868,0.7086884602974415,0.429754703994576,0.9199119482109595,0.5265581731438305,0.4195639385576376,0.0
0.0,0.0,0.49235457482791123,0.7654374909793527,0.08442352985454118,0.8575577351412607,0.3221193648142095,0.11631631854655829,1.0
0.12074272219647833,0.0043822091874185076,0.881035743488332,0.6262780981340574,0.5185659835502081,0.9579399007463563,0.6076083078590981,0.5040026887695144,0.0
0.016316087663789926,0.017327610306835543,0.8180460850740401,0.6823281467605389,0.531004503739952,0.9425324007137927,0.09499751985898994,0.14598118647030142,0.0
0.012337819397157465,0.2869943958858311,0.5590904015244016,0.534341932953641,0.21667195640217735,0.6519854636395608,0.015105016154791293,0.22136213188887396,0.0
0.0,0.0,0.6135251083327029,0.4399982468774395,0.3058968779863526,0.8690826201919948,0.8210665181979752,0.6008027685522539,1.0
0.02570699524918694,0.16524925806488863,0.7133929118173592,0.7441000247099598,0.32347654621825106,0.6919328409727381,0.020669147332127435,0.1660328644668945,0.0
0.00013269510306997096,0.0,0.4592712261857157,0.704568622279921,0.20816055787874432,0.798188686126633,0.11424058595495208,0.0936429677371025,1.0
0.018502502406882976,0.1954253757121246,0.8773021825032332,0.7244514502177424,0.45901450937016147,0.960515806338166,0.2690845442871395,0.31249426398536684,1.0
0.0,0.0,0.5122020625538068,0.5520545160663861,0.13901037059025234,0.7764552642204943,0.14734017397341126,0.1461489914946096,1.0
0.0,0.0,0.41248914871927855,1.0,0.17175215462767257,0.7381928542586587,0.06917625111587124,0.014992615200414465,1.0
0.0,0.0,0.6136241656670878,0.48272003010534625,0.31377259389432927,0.998070675888659,0.32382709803697574,0.16828007327760242,1.0
0.20672971106517707,0.015216258481544629,0.7849699406016208,0.5731365705144427,0.3259652412981393,0.8636015265783543,0.755259018433142,0.38872290850368224,0.0
0.3587015032013674,0.05905722213770697,0.8859489872738342,0.8090426363940688,0.4363385259457508,0.8042806715902726,0.4201059532223678,0.3756331610291306,0.0
0.04245113962477239,0.2520450755390608,0.8017025254217147,0.5383174406224187,0.3862404120563615,0.956630065257317,0.23802672552988396,0.23689905902079963,0.0
4.851632349453848e-05,0.0,0.3084537330206727,0.48803380503916927,0.12379327555332698,0.32667734750498223,0.004000913463436907,0.1205815101001878,1.0
0.0,0.0,0.48112327415107803,0.693950895943864,0.15196181397426062,0.9203860732288698,0.3125938546147347,0.47833934202169576,1.0
0.0,0.0,0.43315070762957664,0.35604483459817615,0.24875552341813673,0.8575493988772096,0.487353214222667,0.2041273173542459,1.0
0.05187317975037523,0.7505034514856526,0.2850401812569112,0.41031606835062107,0.0009674014598667208,0.0,0.016177634897642214,0.08162423742150605,0.0
0.0,0.0,0.6534470151323584,0.4867643024952528,0.40314782350598993,0.8235937113308065,0.2793033145710207,0.31134881019142835,1.0
0.0,0.0,0.6141986982065228,0.6828707079668073,0.30997831904038,0.710285126281375,0.1951734790866257,0.19630660169299177,1.0
0.1915933577129831,0.10074560336608342,0.733693361717763,0.5991893319469561,0.38494710232536045,0.643221966055775,0.016858447805067605,0.3645821255490878,0.0
0.10097240912182615,0.5252612211566606,0.8260265041405974,0.7874792288981096,0.5181358241560072,0.8049725815065192,0.1204507468172409,0.07246324402696332,0.0
0.1488410988639607,0.873526108434237,0.8330811873912625,0.8050814861945357,0.368967966825697,0.8424159535253279,0.05238323696255617,0.08898836620643283,0.0
3.6919738854380506e-05,0.0,0.6362128399917859,0.5501124794367032,0.17784797690954868,0.8197829966264183,0.6028617453587966,0.4719349442661705,1.0
0.38651878102382226,0.7540551002610265,0.899227172687552,0.8193528106257357,0.6594385838848351,0.8682073124666223,0.7297343922394239,0.1804875318589507,0.0
0.0,0.0,0.5321360003169842,0.5312785024101654,0.18792772879747982,0.9200401182707463,0.22348483935998298,0.22861076986913512,1.0
0.00045463345089272406,0.0,0.2031611896965968,0.7158460365450487,0.08400323663679124,0.407532856603233,0.008128832353970362,0.04012302090290781,1.0
0.07030716394399371,0.5574055190633769,0.7700825237647555,0.6720663345305447,0.2928922840792814,0.8345913276803043,0.3825506999322429,0.15753099204473717,0.0
0.1732180664375434,0.4954537489876997,0.841869373993668,0.7603473903032674,0.43410844561958944,0.9504810284865775,0.5990881839913799,0.3490125135804545,0.0
0.004953853599065126,0.0,0.7890583069480614,0.7150223712040553,0.3135913747968272,0.9721037343857866,0.1488343179388034,0.11687281042031505,1.0
0.2056057298488042,0.2774596322532284,0.9241328881156408,0.7214915445840981,0.5283709277670086,0.9717676787412244,0.03666649382894247,0.11691254259563419,0.0
0.11165404690037493,0.1317953555690445,0.9861544862166225,0.7782768467672634,0.6009213327573295,0.9729149570812656,0.4258811813045202,0.35324031933627775,0.0
0.6248995948768656,0.18225436437586826,0.8714541976896237,0.7252116404315387,0.5808053050475019,0.9104164224401807,0.7352412722050145,0.2391610979040349,0.0
0.15467994964715617,0.256880519326964,0.7101645432376253,0.721507413365897,0.27497117830300083,0.8217414976619386,0.12863309067439238,0.06070362407044305,0.0
0.3308657359263612,0.5030773801544469,0.7883450941404879,0.7847845586173907,0.42885427160386264,0.9168650437002595,0.38260571157470824,0.43651787487880783,0.0
0.11474961021275712,0.26342725571620146,0.799057694593631,0.7904036186867733,0.33896841943101125,0.8611975564326002,0.20600469517588765,0.06121464155255284,0.0
0.0,0.0,0.37074818905182294,0.4983447349271133,0.20629559981950657,0.9948416761100907,0.44022007662734164,0.36452552608389255,1.0
0.08991261026813671,0.061123274822003346,0.9007040274911118,0.6872973424324424,0.700518688049832,0.9714071353210114,0.2899037391185498,0.206566656456203,0.0
0.007878995467155396,0.0,0.5054301429667492,0.8426663180572378,0.3823708652074862,0.37694501973350025,0.021945321841142066,0.23335125177340596,1.0
0.20191112306532286,0.20558458989100548,0.9362232860379569,0.7358437242368439,0.5645262613799673,0.9122378961353603,0.14792650670030633,0.006624195930486547,0.0
0.11531587558237338,0.6433525074168407,0.8400530226895322,0.7373278331631843,0.5558242052643705,0.9705089028694984,0.26227796579967383,0.26095681074885513,0.0
0.0,0.0,0.29505757932691434,0.2389120665461144,0.06479373209626324,0.7880916468029127,0.4963656754230999,0.2510532453910276,1.0
0.0,0.0,0.22105454637144017,0.36462606727003255,0.07330215159481876,0.8420991754913838,0.08494442925687297,0.03882278374376482,1.0
0.0006484620798782217,0.0,0.4754391841998151,0.666080025510956,0.26614311828367226,0.8434027587823847,0.6273969647340777,0.5100506349827357,1.0
0.0008601480532558951,0.0,0.6155692915059232,0.4354612865954888,0.24667173975922962,0.8237406379847081,0.15634848245295402,0.12040949701572393,1.0
0.245503513055151,0.46394127579200406,0.8069030354769344,0.7993604125278742,0.32008529508635064,0.8744860823466585,0.25406460097645245,0.10526960254890948,0.0
0.004623605629029518,0.0,0.1934463667570787,0.8509649352818167,0.0832297814945718,0.3736584476313287,0.0014957750741631584,0.19964084346978464,1.0
0.00043633120404853337,0.0,0.6393628632252346,0.524411098172596,0.3571148692673367,0.918270746225887,0.1302891652162166,0.2495324949638268,1.0
0.3348182188024657,0.20295369187714726,0.7360644340944544,0.6967037517578456,0.306646766387214,0.658644054550428,0.01708081167649812,0.2803939820581302,0.0
0.03000409008877777,0.1954253757121246,0.40714005266248154,0.21738795317651416,0.3204729812545745,0.9380766675784455,0.7824887636522075,0.3663428537659937,1.0
0.0005902424916847755,0.39846333703359504,0.7773074055263196,0.6591733271470259,0.3630092091834842,0.8293884568793719,0.6121803464380626,0.816996473749465,0.0
0.27303702955141096,0.40006058111681625,0.868495084955172,0.7259431157068441,0.3890212285460251,0.8164964245242468,0.4247546377918722,0.23919769239620522,0.0
0.00011425002520482172,0.0,0.6819106899073182,0.6146349462312779,0.3018723038626612,0.9496651166425698,0.657921500441421,0.6038345562285504,1.0
0.04600912414546188,0.1954253757121246,0.7421303450437113,0.6118103030710627,0.3771107921325959,0.7917794016125463,0.5831347974679805,0.7006940790043262,1.0
0.20566999918587245,0.41765392611827484,0.8732768526423103,0.6996666800165938,0.46337509390380466,0.8917145350578979,0.1950224454355085,0.061819479018322826,0.0
0.012528923605309533,0.3206178257221911,0.7186780708674183,0.5732604981437301,0.2942976759343885,0.8574670782697043,0.7292017191470849,0.43933159463787147,0.0
0.00333784262730565,0.0,0.7886143499857718,0.5252181390755153,0.3282241090330184,1.0,0.648492685769213,0.49457347831310094,1.0
0.0,0.0,0.5916406416033597,0.6191416802621807,0.20641443636635481,0.8476917666367081,0.05848086859402767,0.1428004564371042,1.0
0.2293300937051372,0.298322776039776,0.8382231635670729,0.6012507622682683,0.6547875296779824,0.771891159652482,0.4961535162759276,0.43806381551241425,0.0
0.02654508885232152,0.1954253757121246,0.7426661551706131,0.6723701083535536,0.37765421346273553,0.8961265028069767,0.3488274004983451,0.12020032109744641,1.0
0.007789554589383871,0.0,0.5817673269288273,0.5219438804309959,0.15109960748692663,0.9172266291534785,0.2725993860797242,0.06416367114651485,1.0
0.12247437776040132,0.06300157264261445,0.9604401027314617,0.6872187541797237,0.8435173093069765,0.9691094525419093,0.4313545883261532,0.49929036744899613,0.0
0.2972220026497013,0.3182879662166606,0.9488413893961818,0.8131851440998732,0.5195390923498155,0.8833313795214464,0.1697131467649673,0.39980558161068935,0.0
0.12513534279267532,0.14625228002897953,1.0000000000000009,0.7386109375200718,0.752306528446008,0.968468602242976,0.45383400084690007,0.33113863276944205,0.0
0.019061693711953143,0.1954253757121246,0.7609737516074313,0.6165036842021738,0.4460361072857761,0.8720555403592409,0.15984686559403502,0.052119351318160444,1.0
0.012925771045671138,0.1954253757121246,0.68251584016829,0.4710118917628172,0.2656539682978366,0.9285220064345538,0.8290732745321588,0.07346792658761878,1.0
0.0,0.0,0.73051902441133,0.7320775333565575,0.4223459576099802,0.8882799942688187,0.1469133714676406,0.12822110961865107,1.0
0.1993804347157251,0.14750000439311942,0.5739526037670606,0.5119276564907471,0.20776248936639286,0.3569213134826046,0.005404235423327981,0.17049047646460516,0.0
0.03366839820636335,0.7740970131306574,0.7823332144645319,0.716203461963663,0.35588998862263216,0.9662396936422963,0.14977295301549026,0.043531757009330735,0.0
0.0,0.0,0.2312628549404403,0.20580525377582504,0.09936457841791158,0.932678936605317,0.34363434438066015,0.2129760983999101,1.0
0.0037328898883432315,0.0,0.5115644935288541,0.5157996392496935,0.22842996112682235,0.25954332903494715,0.0037018311321520593,0.06308673782822453,1.0
0.0010878306387446153,0.0,0.4762028261958031,0.3520806617735399,0.2741212418587269,0.8912945957563205,0.6673816721008644,0.26933240542625436,1.0
0.005139354116385218,0.0,0.6839062449345681,0.5328003941503132,0.44561420657440415,0.9706396780118012,0.7342980783307819,0.6080915934835587,1.0
0.0,0.0,0.47179747637932845,0.3250266557751411,0.12373745570599257,0.8365315931382127,0.5564621798320794,0.1914688266527018,1.0
0.0,0.0,0.828298519182904,0.659167281896818,0.5878638832801535,0.9314566318888153,0.21243807120620314,0.08821977640497992,1.0
0.10764047487304107,0.5267209606020029,0.9032461988999225,0.7405514628372023,0.3800947722198498,0.8933062404751673,0.33063199690549244,0.0649790576883874,0.0
0.0,0.0,0.44430816556622776,0.581476748834211,0.09873973532366803,0.8296541752960027,0.37625593015547476,0.1396428485098914,1.0
0.0,0.0,0.5508668417279923,0.5343910506115899,0.27778573741107965,0.8390397665846066,0.0912824445140449,0.03393003517465379,1.0
0.000793064390391212,0.0,0.7616626503420187,0.6665288853389839,0.4690058638565279,0.8913842105948708,0.11826346823348788,0.08325821886904937,1.0
0.0535392717155514,0.024617282026593683,0.8848017232374099,0.6227159344483288,0.7343705570406356,0.8911487111354255,0.4137494918082526,0.3649703745859664,0.0
0.00046218332994434004,0.0,0.7258282093675819,0.4965334268332029,0.4029177601986143,0.840405871855991,0.7573469271162975,0.6392389540876322,1.0
0.010382135456924369,0.0,0.8107698736028395,0.7304921664892134,0.2866614618284491,0.8836231487632373,0.19263403200657028,0.25847319436612576,1.0
0.0,0.0,0.6571643667354659,0.44785707214930515,0.13028772675817515,0.9604392169121958,0.2778819179883011,0.11984900748960098,1.0
0.3292686613896684,0.1954253757121246,0.7361724966410561,0.8596776521457237,0.3595431579813909,0.6249801362458158,0.008072198522681864,0.20906116996617016,1.0
0.0,0.0,0.4789314054975007,0.4922700141232159,0.1523264348211552,0.8708936735571102,0.1193629360242302,0.29025379372161014,1.0
0.014684857561399183,0.3215311552498279,0.767966298893799,0.8172740002100722,0.21193642766810356,0.6695082906751071,0.0,0.17078501985677905,0.0
0.05425455467694992,0.04801561854368342,0.8730985494404164,0.649325614556358,0.6715090027827779,0.8613882484727706,0.3688981674357569,0.05258948095282747,0.0
0.008381727379914999,0.0,0.6978138946822421,0.7183774850701212,0.21667478795057588,0.9697820848475378,0.35342116044946187,0.3222251237661177,1.0
0.0007873844305674612,0.0,0.5832639931992647,0.7767428645266987,0.2914963307188359,0.8689304833730609,0.24803370560781676,0.14986074925525625,1.0
0.14244031663882697,0.3443330140163102,0.850347781295814,0.6714905244481253,0.46717054856958656,0.8004147291365453,0.277878550966313,0.1685379965802661,0.0
0.11822679582579754,0.3686360016889661,0.8267919471790259,0.710863239060175,0.4303193619377041,0.8557320933140558,0.22631117405766812,0.15265597397072134,0.0
0.2592528912178828,0.5084508555537314,0.7829707834894846,0.7270312607444875,0.4943411431518346,0.8479147617000771,0.42772460350541563,0.14969765015691644,0.0
0.11413947307012716,0.2986562451832583,0.8190204490359028,0.8552767099934782,0.6047920594180376,0.9280450158258762,0.013274102218806523,0.11112688517369383,0.0
0.00010756423916228167,0.0,0.5277072369487454,0.47648133188952624,0.2382094214080367,0.9013283315749026,0.033529487339512505,0.06622243951732566,1.0
0.04199593669874108,0.1954253757121246,0.7991711602675613,0.6636022285814898,0.24322952075615678,0.9215734698396574,0.6395754629505379,0.25941211101882206,1.0
0.0015093605737895414,0.0,0.36127110371482996,0.3975469885963898,0.307687124461285,0.8469003425683508,0.1142113228806417,0.038724671774624735,1.0
0.42019804363250474,0.24655756731137576,0.887303371191245,0.8118506551162081,0.531900924770434,0.8544774855743555,0.4129460437176011,0.14131630949520232,0.0
0.0,0.0,0.7202143600716093,0.6189769471939837,0.33394478064739314,0.9183369153217931,0.4614865201178674,0.17754410782118782,1.0
0.0013972701166427084,0.0,0.7595518285983927,0.6442581835685566,0.326415929418229,0.9346249332447605,0.4554328241854223,0.25870048431318077,1.0
0.0017073058793855799,0.0,0.7175461156917633,0.6607707845147894,0.22455121174565207,0.9208779128078883,0.08812527762607454,0.281137834537253,1.0
0.07445096088353668,0.5701566109418296,0.671524978657648,0.584234894242126,0.31323648739755233,0.8074713766558554,0.06689726855524566,0.10801492684044106,0.0
0.011699772425901374,0.0,0.5989060468198995,0.36742577377313523,0.3767809167441742,0.855759186172222,0.25853244755176774,0.19767032855514316,1.0
0.32227266670800414,0.2878427700048851,0.8413560768973083,0.7192895621954234,0.3262033273259773,0.8048183606215726,0.23128064709730486,0.2690329210227799,0.0
0.02057195287313668,0.15608883527609624,0.7475712942651205,0.5055015555184443,0.5050443960980497,0.8482294556680086,0.6194781423498822,0.12459083355816258,0.0
0.2384691786446764,0.15187922272914636,0.7488644427394577,0.5525245342701455,0.5059679528006837,0.8044744897294622,0.274665771885097,0.4331759025053912,0.0
0.003511240411221992,0.0,0.748159334622879,0.6637148213666348,0.34661289221977953,0.9522514425644433,0.6288498963143522,0.1402302696745343,1.0
6.469829236741199e-05,0.0,0.7639968013486209,0.6400212188282337,0.37226412512388213,0.9345545960168291,0.4025253438048864,0.19791660937651756,1.0
0.1141333197803181,0.3877252979915662,0.7495065143705171,0.740319476360427,0.4309729776930175,0.7946668750732679,0.5303052915971926,0.6082713286106738,0.0
0.0,0.0,0.5274992165465369,0.3707483944193273,0.08437167712449417,0.8218806090682924,0.5826598868873608,0.08473970740407344,1.0
0.10846620642819987,0.13046219287702127,0.7349784055011037,0.560882092684265,0.5159309918030657,0.8543180545243771,0.5980553842527386,0.7681307024693926,0.0
0.00197757267863592,0.0,0.6213992658951009,0.47898708810120905,0.11044059291266681,0.9421838406731533,0.2905109201635666,0.026051322481179084,1.0
0.1721381344929287,0.05089180951835846,0.8962257354556806,0.6514157598161638,0.6956422897829342,0.9831620491579072,0.5991772717798367,0.40241566505171844,0.0
0.0,0.723383595640218,0.7584784073021469,0.7190621096563046,0.40329907538294146,0.8791517851327941,0.12566697157242102,0.10793158989207804,0.0
0.21503304316627467,0.5970234231086115,0.6036481915732823,0.5031892473134532,0.3180621537556441,0.8262946608833834,0.2540717101891515,0.7456653705396991,0.0
0.009200745414852433,0.05016172406214431,0.6245348807890005,0.49418484712695676,0.3142138435197574,0.5222315136831961,0.011560106836220035,0.29704745950857436,0.0
0.17989808377088748,0.07762772241610522,0.9585922331845671,0.7182958741922967,0.7608191067812737,0.9800463704687847,0.08964554079258069,0.07339428203456391,0.0
0.21232130609729488,0.13318053750192668,0.9668626200845045,0.6955944483444707,0.7652195689548622,0.9744420564521383,0.5670003361845748,0.0884017502555398,0.0
0.0,0.0,0.3554771501745213,0.46760614892624996,0.060956821792210014,0.9537863571828638,0.6254545015049626,0.08772651979821586,1.0
2.5741689334635346e-05,0.0,0.6711656706901961,0.5168288430977981,0.39293018111011235,0.8665603793000143,0.38340906126698654,0.24580073082306936,1.0
0.3849951613842252,0.45938975303639856,0.9018756056005222,0.8020429923081744,0.6274812567349743,0.8937235746942287,0.50491760173428,0.403780645632779,0.0
0.0,0.0,0.3571233029677563,0.3373922150779114,0.09525609017761966,0.8635608872911051,0.3872337492920394,0.20074151887027147,1.0
0.0,0.0,0.5117337915185312,0.4283853212257043,0.3846325644907638,0.9680590832714628,0.719385847478493,0.44986763595223284,1.0
0.2431205036609708,0.17350567101510178,0.876570058750004,0.7186646344550542,0.5799683465333876,0.832206114128665,0.15953300837350973,0.035545490934706735,0.0
7.869111005821485e-06,0.0,0.5097220271092899,0.4433639399313716,0.3232785737927247,0.8375152722962502,0.5972246901678888,0.30621710385915046,1.0
0.006728622406210847,0.020388910467473095,0.36381057355997637,0.8707344147782186,0.16835066862812353,0.6161895458038633,0.023432772293167446,0.227130990169732,0.0
0.16494689119232298,0.27797513343786445,0.8475813801028034,0.7515908453753459,0.35959813721279454,0.901086058900916,0.4738403657597736,0.10749630385703048,0.0
0.031123306573228173,0.1954253757121246,0.8218913106906287,0.6067534512711275,0.69113588050677,0.9002581636773344,0.3152559625732677,0.15382174016397793,1.0
0.0,0.0,0.11423471905538918,0.0,0.022533594883852176,0.9511255259010332,0.25514442692135153,0.02340618546586068,1.0
0.0,0.0,0.6726893525972839,0.6519817463669932,0.3633791981742176,0.7995925650944993,0.5373131462405382,0.42907103304499467,1.0
0.11571436765953942,0.10885767096389057,0.763425870894074,0.6243934913813618,0.33197307911259216,0.8201591705417268,0.22967015656867815,0.13519404158378998,0.0
0.20272628604940335,0.06356894009341528,0.8505260844977078,0.7051051382359796,0.34603454845939213,0.8518150912430151,0.3136417301571791,0.2584021945469716,0.0
0.030502641536315534,0.0025720076596547456,0.8175471963172294,0.5685988545762166,0.6230281749536477,0.8675091503523373,0.39545002048446887,0.4240644022857624,0.0
0.0015035969491929962,0.0,0.7097944290155143,0.5272674788964089,0.3248531506646404,0.9384950438305135,0.21033891714031086,0.04632251001521727,1.0
0.04687824674786801,0.1954253757121246,0.8243299221589462,0.6755257289627181,0.3558147166277061,0.7760936787672752,0.2921785131948335,0.37328958642270926,1.0
0.025166341469244676,0.1954253757121246,0.8111444904310607,0.595684598138214,0.6875051275728323,0.9011480598647963,0.3376130405663016,0.14984805249460115,1.0
0.0,0.0,0.43675999668608245,0.7884192653056292,0.14547874795359794,0.4745730921026925,0.004057367419945106,0.08666473639703261,1.0
0.06336061745423255,0.26775548248751974,0.8316637669883322,0.6596886847273549,0.41462692071338564,0.8717356362262776,0.5723280307268305,0.2806574569967745,0.0
0.03328449800515077,0.25747238234096526,0.7481422247196674,0.5245924556788699,0.36801444290251234,0.8828562124705299,0.25725988158222945,0.6882238385892584,0.0
0.0,0.0,0.7418745970167526,0.5881688408157153,0.4318668031374678,0.968697849504383,0.22497996727918637,0.25191675260943003,1.0
0.16323677953851273,0.10585919437218809,0.9530576297561035,0.7497961617195106,0.7759270692236748,0.9776819975772733,0.09328888628536247,0.21653091853758433,0.0
0.009286734311832634,0.36673051751950914,0.8945345566013616,0.7754763846078863,0.6324725686743766,0.9322194000494965,0.13644420373990565,0.08252551023126874,0.0
0.06716753656829134,0.15647213494558304,0.730528930144767,0.5560368246416489,0.2825344800376796,0.6292066221197556,0.015531650271679884,0.21267572626763456,0.0
0.0,0.0,0.6098617880028963,0.5916403257483074,0.22349480823065637,0.9538858713349745,0.2946218757520706,0.21156297811242258,1.0
0.05509803610655794,0.8808864662299654,0.6586268131994801,0.7767247287760712,0.31019186498209794,0.7968145050994493,0.24705745446983995,0.22672711249574332,0.0
0.00016238176808629375,0.0,0.5472395422470528,0.686377708744379,0.225816913879768,0.8001354642908316,0.09844840138084807,0.0517888552351198,1.0
0.031307439333295786,0.1954253757121246,0.8478497354268653,0.703679970499179,0.27423969496672956,0.9742818438774048,0.0919395074123617,0.2217172319445481,1.0
0.0,0.07868188280061111,0.4959134346960026,0.5802692101049383,0.31820278732610147,0.8934839071027576,0.6383089585403044,0.5461233714141598,0.0
0.002710215387034829,0.010138537099391439,0.7214309642421037,0.4994396808712409,0.5387997564809388,0.9018618524741773,0.9267643476870172,0.6309537106469714,0.0
0.18587422983294766,0.2510058046914498,0.9011722985263875,0.7200739334100579,0.6878784200366972,0.8844770948119782,0.4125952699721285,0.024810649871214875,0.0
0.13505358805428716,0.13825247232209245,0.8464944509882324,0.6309284068574295,0.5483755812398299,0.9580618186081047,0.2736472558402522,0.159364652933811,0.0
0.00022554173800143988,0.0,0.7392486771343263,0.5667006460105499,0.5045427401067875,0.9298039675406717,0.5914030955661238,0.5970293744564551,1.0
0.09430567461119492,0.222911194095045,0.8299203579031547,0.7626136034754145,0.3559758789240523,0.8478261888945333,0.36368824989912013,0.17143106541586398,0.0
0.0738339974350248,0.320953209010564,0.8272377051837596,0.7032084409828672,0.4542636430822626,0.9272004480741929,0.72863036586089,0.6413166879653652,0.0
0.0448859638607823,0.2566728973651827,0.650291588771581,0.5533708692994237,0.29108198080319314,0.8576921573990859,0.3944500960068522,0.06990328796869752,0.0
0.0,0.0,0.7901317282443072,0.6937944750947027,0.5516788184090111,0.922589452020893,0.27162094977037815,0.07958831523753138,1.0
0.0,0.0,0.3836868779649665,0.5021011022758097,0.04664088178074546,0.49942974743725,0.005934103740941117,0.046783961001072454,1.0
0.0,0.0,0.571827373683889,0.6338603532088563,0.32731140659924507,0.8049569510114232,0.3847609602339936,0.7210667714297296,1.0
0.03640981084668794,0.1997427922717247,0.5533234636207434,0.43720080734316547,0.23770705752967491,0.873718104020945,0.5374768898958577,0.11779016701009135,0.0
0.028156744171296228,0.31025313907210283,0.8775435221906447,0.6730743800029169,0.6369166838857745,0.9240180792726611,0.5571283029882343,0.19621851348687303,0.0
0.006478940838958466,0.0,0.3133885893154966,0.9073081785434418,0.16166818491243945,0.4426514529847734,0.0009995598434526384,0.27097927301667024,1.0
0.011254073078481426,0.0,0.7079339521715164,0.6339638781186876,0.46009686874547645,0.9305740299323983,0.8987198787089021,1.0,1.0
0.0,0.0,0.715656822168671,0.5995928523984153,0.5590967673259017,0.9046190718090998,0.24010492362990302,0.12331560041459835,1.0
0.021760536236723686,0.07117252765280398,0.7360068007362655,0.5015555184444365,0.39894155836006334,0.9475070662863248,0.34918246663763586,0.2957695999775851,0.0
0.05218474181742622,0.3327010693103706,0.6346288231628465,0.6609362732392636,0.2253228086842351,0.8593932762820264,0.48970141768320663,0.20677661053987445,0.0
0.0,0.0,0.6937957689910919,0.6774677655924002,0.41369675706448833,0.9155619814257618,0.6423170707340226,0.5661358940050267,1.0
0.00341786544018387,0.0,0.7168103898536478,0.47607327750040973,0.3018876414164862,0.8942940877652301,0.6013656060274671,0.08132529029024041,1.0
0.0,0.0,0.5697309602798102,0.45561917341782543,0.24837019687357825,0.883164654240423,0.2174688540420922,0.1500588391309796,1.0
0.0004719709238807432,0.0,0.6656049521463023,0.4726539328508714,0.3108936170601853,0.9117387623252968,0.8274772244929587,0.35961843353330575,1.0
0.03664596183256331,0.10392881062944112,0.9173339528919326,0.6651233646653614,0.6729339795143077,0.9810943951649671,0.4276303293772916,0.578096786101054,0.0
0.0,0.0,0.5274640962188917,0.4822001385873609,0.14994026538952826,0.8521641723001578,0.3766307986949442,0.10348399335087906,1.0
0.0,0.0,0.4801723237409812,0.7684283785203192,0.0845570845540023,0.855650814739557,0.315109715883729,0.11079069289026813,1.0
0.34215196401177456,0.049642986874363304,0.8849791259180817,0.6604080695022416,0.6396585665849592,0.839523269899574,0.4376527438655476,0.29739508061956704,0.0
0.10096743915698037,0.1428595837280865,0.7965704549793413,0.6049670798343296,0.6063404444672673,0.9561934534276375,0.945489841506621,0.5540635674542811,0.0
0.012130687607061328,0.14629359104124962,0.8134903482135458,0.631396158092361,0.44163257760142277,0.9430820731246663,0.3276606136271434,0.31858150293960646,0.0
0.2517446055764899,0.7609663557342258,0.8054658036071283,0.7796128470634818,0.30954981138274495,0.7297044533885613,0.3052143591110639,0.3835036650981591,0.0
0.08361282482861905,0.23559616952621085,0.8461000226931352,0.625669039175488,0.475686902302717,0.8794060411863547,0.1765285849680563,0.16701102622311387,0.0
0.0,0.0,0.644841634337955,0.6668281252243355,0.19930890162276182,0.906267047008714,0.3738096112320978,0.07870773227648971,1.0
0.0,0.0,0.4377865908788001,0.7520329042968878,0.17543942054839629,0.6890151485548306,0.007398385798947386,0.2939183185651461,1.0
0.0,0.0,0.4437660517907771,0.6924735879240078,0.24847661590088738,0.8398473421645631,0.19349545374666935,0.49611067725593805,1.0
0.0008883220499353668,0.0,0.7395872731136786,0.6978070099210107,0.38080501894313257,0.9686582522501399,0.17585977066840636,0.2835876604897328,1.0
0.000144350853958293,0.0,0.546501114845273,0.4682749047306345,0.23557348581142806,0.8648540502520419,0.16158397980193775,0.03731180303810675,1.0
0.0,0.0,0.6703714109726713,0.7211159834148555,0.22672112166834596,0.8487098328839568,0.29938622731781894,0.0971449532698025,1.0
0.25188796539579145,0.11949766499426887,0.935900899440596,0.683071712536262,0.452408978881265,0.9671900277441288,0.0018334906238367526,0.07138537029451994,0.0
0.0006546153696872851,0.0,0.7037807482971141,0.5145422272061948,0.47539053357034394,0.9526354317273,0.8569040870076393,0.5067882979269925,1.0
0.0043624855619562915,0.0,0.6615949311461469,0.4428508493198713,0.2432778930412972,0.9636075182681414,0.25799214863545766,0.23450723288497027,1.0
0.05669701875475401,0.06345074949127677,0.7766347161737217,0.536534847467002,0.47766875021927907,0.9572089145923699,0.5391805495528603,0.10730344688773695,0.0
0.10142136261289512,0.16461522110444526,0.7041211453189105,0.612154882332983,0.35223965081227165,0.7861972307972858,0.35702727191774447,0.38028272099022675,0.0
0.07068851999653523,0.9522257049199422,0.741980858520912,0.8288121158904689,0.38001053365499526,0.8572972268896617,0.34037628207322046,0.3119319328214788,0.0
0.0,0.0,0.601267213463152,0.7276100934520118,0.2925768023952186,0.9406077657509804,0.5962104569188068,0.3354543953827393,1.0
0.09681470811396461,0.8220266991205225,0.7471813685761317,0.735520303350655,0.468831251705289,0.8338452320477252,0.4869631228287081,0.38235629389076975,0.0
2.8399799118754235e-05,0.0,0.7798171581711495,0.526372781865458,0.5346425715072523,0.8536751201594313,0.19548456107609277,0.012489442042041164,1.0
0.030409791203493554,0.1954253757121246,0.6483788816967264,0.47940949995957194,0.26029667872793216,0.9005389915725583,0.26032542746844306,0.24907108193740374,1.0
0.022375961362783296,0.03817852984635127,0.5535503949686076,0.37343399682473244,0.2780467117884719,0.8851049196983314,0.4269699272022037,0.20777427027084902,0.0
0.23106221520326448,0.2153003029746188,0.9184127773155106,0.723716952317333,0.6269647351146201,0.9468281817826583,0.15880964035949957,0.10572296497654618,0.0
0.06353009177631751,0.11688749309025073,0.8376486310276396,0.6048371069548333,0.33446413381614576,0.8810837143266514,0.28122043112712913,0.20392548189226928,0.0
0.039134438761986495,0.1954253757121246,0.6378175688088268,0.665759627249872,0.3772485941546547,0.914385005145038,0.06492657699683829,0.21818434624828933,1.0
0.016922778372464312,0.15740716334521734,0.7746643757406781,0.5094883980313645,0.46259806983079127,0.9298982715277506,0.3701042892773841,0.3541796628889654,0.0
0.0,0.0,0.29460011454629953,0.365998339067505,0.027633390521270812,0.860034647597463,0.23946933814477325,0.05524898909549438,1.0
0.0,0.0,0.6075942755666981,0.6342638736603154,0.1669419438045891,0.9169181873835854,0.38810482826881815,0.07696176435152757,1.0
0.006157076448945918,0.0,0.9168494724746692,0.7188172770228354,0.674265043223955,0.9592304586247771,0.4238954858273499,0.2803113143549715,1.0
0.0,0.0,0.5398768807385723,0.6139956610216624,0.21999808192091297,0.9533289046930564,0.20164025573521485,0.2290877382462669,1.0
0.0,0.0,0.778408742980436,0.6083448633886785,0.5067709327340164,0.9514761700076853,0.836041158895312,0.7800613854809052,1.0
0.0,0.0,0.5236738023968277,0.5954065166285938,0.11380689102430572,0.892907662850221,0.29830905848966166,0.2475670380325835,1.0
0.0,0.0,0.5901547815875832,0.7328785290092661,0.2337126865889005,0.8952366066195148,0.27197896610639055,0.4064969141929803,1.0
0.0,0.0,0.5373608244451882,0.6023101923674181,0.16193700503851916,0.8369145402680629,0.02999276878668191,0.05895798091126277,1.0
0.0032558419052407567,0.0,0.6924999189530903,0.5617903915281861,0.2814084676245549,0.854630664426296,0.44528500012376754,0.10583560209663269,1.0
0.18550884866741044,0.46510457381469866,0.6855983243101109,0.685168658702553,0.3540216386043752,0.6145556380498354,0.010913821506211499,0.3795440187783155,0.0
0.0,0.0,0.6750595244527533,0.5628981836290086,0.3034400378259472,0.8711520977426961,0.24107749528514932,0.4924368889692479,1.0
0.0018551377194638851,0.0,0.7832463429833192,0.5822082241095154,0.5006854633009723,0.948469904784234,0.12350080479643052,0.09710823387959566,1.0
0.03205390660536728,0.2674362909821559,0.6643829448484793,0.6090627368510138,0.18877406681566405,0.7609925364385917,0.2286882785584442,0.2610113335210969,0.0
0.11835799698110136,0.10244396764454995,0.9184632065039251,0.6596403227256822,0.7258688329742307,0.9811519674885703,0.2205256149176785,0.1352634630424379,0.0
0.0,0.0,0.4413706653410996,0.310395638956499,0.32642985119785484,0.7031034348012972,0.07110854349114754,0.24506511971819578,1.0
0.0,0.0,0.7020688574546954,0.6885003472240587,0.38503676802464537,0.912248316465424,0.5453303653517638,0.4057060573061084,1.0
0.005710640296841801,0.0,0.7902668064275593,0.6977314442933968,0.5652789813292272,0.9015362171596788,0.34678504670230825,0.14872145210796367,1.0
0.00787005766579211,0.0,0.6651627962264568,0.5798490652154031,0.18668302731398595,0.8308462610553189,0.5525804992388639,0.4619027964552806,1.0
0.14919566739764595,0.2510951576025316,0.8137253842524048,0.7893336093997592,0.3548486866990949,0.8655334557722116,0.2117400115421203,0.037485449332429525,0.0
0.004712524179766468,0.0,0.7523620671644755,0.5839840163584471,0.43176439547038975,0.9165889049535645,0.3919980418969978,0.5891692042117127,1.0
0.00481961416447081,0.0,0.8516382282064852,0.6563116568292813,0.3502986243851209,0.9674703346228495,0.6486480958301081,0.5903180164391898,1.0
0.12338360768328166,0.37695500090121703,0.7900425766433612,0.5919463665401441,0.46099022226519376,0.8263373842366457,0.6775195626712929,0.1706184563434836,0.0
0.012352085858746024,0.1410213613549083,0.558053001077023,0.5104526154397204,0.24633360568797902,0.5645172130827243,0.01572679929101676,0.591908805640803,0.0
0.0,0.0,0.38262066083849344,0.5348875167850151,0.09877809395587855,0.8819486017219598,0.3365801931584689,0.15157316903674545,1.0
0.0,0.0,0.39119002078402954,0.526656908625287,0.11884330127101278,0.8829312388469908,0.2704155213361797,0.05291052335811675,1.0
0.0,0.0,0.7101258208250938,0.5110873667116786,0.31288749905744095,0.9711580894324827,0.45193820822368824,0.21311241145685147,1.0
0.0,0.0,0.5489379252711464,0.520560273789382,0.22867064274069226,0.9755132663827126,0.6125763336189881,0.24847593809799018,1.0
0.08141067186351436,0.9999999999999999,0.7721654293505074,0.8010825531811996,0.3691062407724889,0.7731890117619478,0.17674380051201513,0.31593242526268256,0.0
0.0,0.0,0.45066044226398194,0.6970181047687198,0.24589164817545123,0.8403516861396585,0.19826545416469518,0.4968194780475301,1.0
1.0953151691373704e-05,0.0,0.6410954660557531,0.4524151908069882,0.17158898665121075,0.9365657197191721,0.6072039532910123,0.11804321135397772,1.0
0.06606429312189999,0.09288271977772321,0.8721584052849787,0.6760531770434648,0.5058386454238204,0.9510984330428669,0.5479030839117834,0.39317355230472,0.0
0.017911318802063342,0.5131241304761488,0.8251980246166477,0.6585007930612621,0.4648928038453843,0.8789235799043937,0.23180122531257066,0.2050881110145956,0.0
0.029056903168754915,0.11602369598408635,0.7497685660460283,0.5642848128957274,0.41939265263037645,0.9515011787998384,0.24104812982257817,0.021501305459706646,0.0
0.0004000847701647153,0.0,0.7011395195539185,0.6806052504509381,0.3534331484622266,0.8185440193818141,0.3783339019039571,0.2674243133047055,1.0
0.2759478314623388,0.13540257730509486,0.7977195200582097,0.6145276430400655,0.36268900825209066,0.9281627655555988,0.9959861444227516,0.4381168186903473,0.0
0.0022268842257191185,0.0,0.5814449403314645,0.4474089679775535,0.34077754289526674,0.8829489534080994,0.7426647743228583,0.09401814154295761,1.0
0.04677810787285031,0.08797212226829558,0.9380063180568916,0.7140838461090881,0.7204303723502368,0.9848918239485238,0.07876826787645592,0.43001367821237557,0.0
0.0,0.0,0.12199180885896777,0.2751926356761949,0.12118338430292508,0.8258882680108894,0.3051738229768586,0.33486053749164807,1.0
0.002558754414097944,0.0,0.7499513718540287,0.6403718433403629,0.3260530192984919,0.930533911661652,0.4610017513155809,0.21076329376007377,1.0
0.2804422771716262,0.1954253757121246,0.7089389338549159,0.6858374145069384,0.2613363289149036,0.706632800593959,0.25338094344915135,0.3052390666012503,0.0
0.45995924155496476,0.2783068453335783,0.8309154338531135,0.6438803554304862,0.5240639066905699,0.861830070467482,0.5121662567480209,0.4741111093856456,0.0
0.3614069094817936,0.47333376511421354,0.8954161668773883,0.8042880471045892,0.6152369335728922,0.8934328474854443,0.5079664135433071,0.3963392787927227,0.0
0.003878465899651203,0.10515278076928292,0.6256605323161049,0.6886272974784502,0.2678488902313837,0.8485879150222084,0.38270770684364086,0.2834803556275035,0.0
0.3155905193897262,0.1115229922063551,0.9317152768022128,0.7369953444016826,0.7385739906381636,0.9647824104828522,0.5876196048762128,0.08745264720200699,0.0
5.535002515748872e-05,0.0,0.629912793524892,0.5201582646504752,0.35573732097148125,0.7860200851861983,0.4011628364336136,0.7526072110169654,1.0
0.0006369838277343918,0.0,0.6272166329871736,0.677493457905789,0.2321506157224114,0.9381214749977205,0.3363342654478336,0.3144751562245438,1.0
0.0006226064294305225,0.0,0.5645457590853562,0.4435347182497793,0.30644855799932114,0.8720344391908617,0.7594004601502512,0.07382339853378735,1.0
0.0,0.0,0.3287046542538823,0.7154190907490294,0.13800639496357206,0.9198608885936461,0.2845911195607413,0.45585222429016264,1.0
0.0011440823713912138,0.0,0.7794551486400332,0.6430718032150153,0.45666290842523244,0.7994268818464825,0.13047819204300212,0.3099940873918715,1.0
0.004743241631762525,0.27477989216523546,0.7047623164287495,0.5460107771698102,0.3714953597336976,0.9375759707188727,0.27913280112892486,0.12832791923202694,0.0
0.05571821671981374,0.1954253757121246,0.6343019339593754,0.47132624477369234,0.24084063775731457,0.8661232464538315,0.24038978165919805,0.11039580671942657,1.0
0.042921681400640226,0.007410786982314807,0.8990821887708611,0.6254128716978764,0.7212859718913076,0.9780949031560575,0.5071040227606419,0.1324755783820982,0.0
0.050414080904401075,0.1954253757121246,0.7458711101985829,0.5247874149981131,0.45007460318909337,0.8151407395829264,0.5053354315402789,0.5083902568175889,1.0
0.033604291576477575,0.19583930169986105,0.7676250013507824,0.5554156751826609,0.4722824372782904,0.9601417164888697,0.8846959055281748,0.5717438070516514,0.0
0.0,0.0,0.3778010712600457,0.5899264973140195,0.16653054341852808,0.8866195146731273,0.558946407132835,0.5092154179770189,1.0
0.00013360010399281652,0.0,0.3952306595057218,0.20319597265431089,0.3304501779989486,0.8654334206035976,0.656875030327308,0.03307345979181344,1.0
0.3285474248245484,0.5633934663519686,0.8410066746632952,0.6863928218699016,0.4409499384750251,0.8760595521863155,0.4320488529975037,0.043950130296197425,0.0
0.011346520341237787,0.2785925549930689,0.7486519197311408,0.543823907906658,0.36003348777905925,0.8799572766467381,0.8620279550869402,0.6959175391757658,0.0
0.0,0.0,0.6964433013828399,0.6903955331646205,0.35595605808526304,0.8845067927526604,0.027485539712598782,0.2589559235294774,1.0
0.12401387614184943,0.1078059738642029,0.6723723691272516,0.45074367912416413,0.4554679950010783,0.8752910528440991,0.8809529537663793,0.29273191320324443,0.0
0.12652154882091135,0.13931872947471846,0.9411959642240921,0.7312886282042657,0.6940252396850415,0.9847050395321273,0.42456884035291714,0.05194508130710371,0.0
0.11781724705600582,0.3435407463081479,0.7044480345223816,0.7216313409951844,0.22938608063603894,0.6905969546585391,0.02228697818551529,0.18759099815543165,0.0
0.219606091236248,0.12955963433682222,0.7875058083618791,0.6305656918448816,0.6214939476464103,0.841488544149636,0.20822968937741962,0.3635426539570553,0.0
0.05263087751592637,0.09714150388276445,0.816185608230044,0.6361726614138474,0.5012156707385858,0.8121501048545712,0.1088363543597016,0.25547644339602765,0.0
0.1712694260542597,0.24115170834607336,0.9204965834224845,0.7616236937536698,0.7820460453127676,0.9574225313586808,0.38509537416938794,0.17026280635449065,0.0
0.0,0.0,0.6798773129887588,0.5555055982795221,0.27761537258243835,0.880692951949253,0.25811294297451154,0.25019135314231034,1.0
0.030419836523064663,0.09516853826105773,0.7625280512360559,0.5081146149213387,0.4172314733152446,0.9607468771573342,0.2910000226328824,0.2885240738718423,0.0
0.23906705358237434,0.5732074441032036,0.8446474819625598,0.6783617069670749,0.41904767565049633,0.8756255454391519,0.39092651626726305,0.05124768261556302,0.0
0.0007737045468610886,0.0,0.42280551983488035,0.2543395450798087,0.3449269411108575,0.8541033957250597,0.7893923414235301,0.9262586716501416,1.0
0.07238404717017302,0.034697743656210034,0.736538108257057,0.48027774902085785,0.4758239964376762,0.848052310056921,0.5623040860092277,0.5209730476329681,0.0
0.002789468114214289,0.0,0.6844213430733701,0.6978735076733118,0.2729065075957834,0.8844567751683536,0.37564913982857673,0.4299161076436754,1.0
0.027816318219867464,0.07938326785075041,0.559735174719127,0.38456783639739367,0.3124214733835261,0.8816724629752648,0.5562130345156298,0.25222767723120065,0.0
0.1861157168748293,0.26213726326734615,0.6156827571798553,0.6224469208140233,0.20826293605052654,0.4445833821786307,0.0194187696748664,0.18027696280712888,0.0
0.04668247302847412,0.1954253757121246,0.5542564036064084,0.436093015242343,0.4592707645002229,0.8872715668268794,0.8281285364137896,0.9569527253761029,1.0
0.23907610601834345,0.3220121076881598,0.7018608370524868,0.7398184762493454,0.2607098488317422,0.561211884386438,0.00869375681639449,0.3777631701503626,0.0
0.013874352994888985,0.13356970512378302,0.9375218376396264,0.664511283081687,0.8065523888144224,0.9353814492074037,0.506306107578573,0.36446127570840503,0.0
0.017238983141050917,0.1954253757121246,0.6738780406099059,0.6318639093272918,0.44846062060196573,0.8741177236788977,0.43745112843763573,0.2581896163722727,1.0
0.3411805133831687,0.06701054907214807,0.8907991945738187,0.708174614029665,0.505835813875422,0.7813392729214699,0.38766369877496776,0.3823676574051858,0.0
3.5958287321714344e-05,0.0,0.6860152656357501,0.6651278986030178,0.19182063592064252,0.8228580360282911,0.1445661432172469,0.29394248484521446,1.0
0.002279929309497934,0.0,0.7440538583732268,0.4890131355730478,0.48642460575444674,0.8386219113490418,0.31392343820911967,0.33641240252794347,1.0
0.00055003746600973,0.0,0.758725150116887,0.6271403019451345,0.36263190535938816,0.96863376447449,0.5327685219229839,0.23797654446494237,1.0
9.68107735584617e-06,0.0,0.2808293440243217,0.13023660353662248,0.17018855000580102,0.91286676305472,0.630759706069003,0.08444331147519346,1.0
0.0,0.0,0.6573949001682182,0.6638667082781389,0.2467066621894774,0.9601245229442643,0.6613834083234494,0.2866764372847128,1.0
0.08042346822133478,0.20229671655744108,0.7891078356152539,0.6677923426326915,0.40411739287009923,0.894341500267021,0.473882355973491,0.6132609758298674,0.0
0.0025168168689393053,0.0,0.6274543705896969,0.4086566471682156,0.0978077282187822,0.9238185299519364,0.315558784508149,0.316409725328025,1.0
0.015601854903296318,0.1954253757121246,0.5501968539390605,0.7273682834436466,0.31658880473897383,0.5253138473161139,0.004392747457477539,0.024911101794104627,1.0
0.10237029308829355,0.1954253757121246,0.6657337266810037,0.6873683741223982,0.3243651804906374,0.8749763588761676,0.025697019887843685,0.274497010373965,1.0
0.060415181100785684,0.3020777948649203,0.8577311547923943,0.6270382883478556,0.5184623960712975,0.9634152631784612,0.41858694757706927,0.18380008652811414,0.0
0.14153436304693873,0.24775739098411392,0.8275699975145594,0.6759624982903274,0.4560166075032818,0.674566318888151,0.017902975015870154,0.15799603758740657,0.0
0.03219154209015895,0.1954253757121246,0.6301811488489539,0.46383164582692604,0.40108975974503563,0.9634491292511691,0.43350154791852014,0.4695852266436964,1.0
0.0,0.0,0.6368702204836163,0.6317301581664152,0.18528447836750855,0.8924450001953814,0.47313996133982206,0.1580741524567973,1.0
0.007683317892914771,0.0,0.7080636272274399,0.656898801755843,0.26293851338370433,0.7026491084105091,0.06883463154484246,0.4573541902955032,1.0
0.01891460826796252,0.1954253757121246,0.6036517936581687,0.4880912349161557,0.25875490062496553,0.6835382230732159,0.004402371317433256,0.4098946770913844,1.0
0.0,0.0,0.6062380906068432,0.6733781538259258,0.24191544633690032,0.7416086384536231,0.13558637627054038,0.2346187668801984,1.0
0.16764712042603486,0.206800558277616,0.8632576535298631,0.6963531272457155,0.30944622390383425,0.8656147343467104,0.2840691794260253,0.10943112555384142,0.0
0.0,0.14057582059705254,0.6487264828882955,0.7723222753112733,0.2936339137973139,0.6670345043179244,0.004939569739428322,0.10802499396279427,0.0
0.04013381955761632,0.3763941878276953,0.6956796593868537,0.6149833037745784,0.4222735171634528,0.7374634311541817,0.30912482485516035,0.4647124322761654,0.0
0.013717152895880182,0.15113540485231336,0.6049818635025952,0.37073176998125223,0.41304007379840996,0.8716137183645292,0.29713730261480764,0.22896564988385326,0.0
0.012945802518565185,0.1954253757121246,0.7822395602574774,0.6611803502164566,0.5043119689123121,0.9302551678324411,0.7573618656857352,0.603372160031742,1.0
0.01567663549413994,0.08533840010623817,0.8974594495293884,0.6628699976499091,0.7719718680357459,0.988268531905748,0.3950898567836738,0.385784256320467,0.0
0.0007645405963812858,0.0,0.615275721587655,0.4366129067603275,0.24155465987846197,0.8213575084990818,0.14168506101878142,0.12114875081516693,1.0
0.053030360627749164,0.1954253757121246,0.7667127733532171,0.7096360532677224,0.44239638778191,0.8383739074935201,0.15807279257801551,0.11183850282469271,1.0
0.0007213548976163576,0.0,0.469661440041496,0.7948937282796047,0.15940229729715583,0.6817855235564587,0.031249024244971713,0.14716665141749868,1.0
0.0,0.0,0.4269947445581499,0.2930775084199002,0.10352363634288242,0.8201560444427076,0.5216072812420781,0.21939000202850492,1.0
0.04051103027489586,0.058510514115469245,0.7426382390127406,0.5188887621065579,0.4224799842341745,0.8565407109270189,0.26360006794921614,0.5076085929951526,0.0
0.008309037946154929,0.05626905044857515,0.7230122795073788,0.5434536363313489,0.43288969999641486,0.6622369843564795,0.013769773934663188,0.12527742863776123,0.0
0.0013553104997000864,0.0,0.6446867446878253,0.41849680319612403,0.39594412841791676,0.7376009795110261,0.2308899080555116,0.14151672067936658,1.0
0.016785520072504688,0.1954253757121246,0.8006678265380005,0.6334583440699495,0.4282787593918737,0.916074140648405,0.3702105969783454,0.12349709792474386,1.0
0.16731611485068096,0.9261072292671121,0.7814389968914002,0.6798435489245875,0.44788204087921174,0.8134130488583229,0.5422021080324437,0.400412287891889,0.0
0.1710016691981932,0.2640781904967036,0.9422459719685738,0.7516596100964748,0.6560699851401226,0.9792692743542655,0.5519910153787606,0.3095567618024914,0.0
0.05750024125037689,0.002544369496127402,0.7630206363443142,0.5249075643460213,0.5293485198515804,0.9659291678063902,0.6157944699591699,0.3299909596852449,0.0
0.07697295179465431,0.022571365126715134,0.9050886653194867,0.650537687223288,0.46680291920251865,0.8324035793833771,0.6480576781977316,0.09814958313621427,0.0
0.2348979630717412,0.1638650802735884,0.8338439288660284,0.6814122913538565,0.44880158622161476,0.8608573326560118,0.3826198166276071,0.21908980252337895,0.0
0.0026184614787491405,0.4469790651542286,0.5093140909958693,0.7013812641071562,0.14392632204884118,0.5448040326677348,0.006110917872293745,0.053245080275241746,0.0
0.0,0.0,0.34516618218624995,0.37131815925153777,0.10784707155144355,0.9812934234691886,0.39845083618640537,0.18532411873778185,1.0
0.13341299674206972,0.2321954714720866,0.9227280750098155,0.7184273583843463,0.7353828355930885,0.9375577351412607,0.44909877360461115,0.4509535159653053,0.0
0.047275311439297085,0.6570507558424722,0.8277320913344637,0.6117014885672987,0.3743026040084137,0.983781016763706,0.2848911331093169,0.1344122549598948,0.0
0.0258061135064238,0.10318445930239271,0.9387888709985335,0.661588404605574,0.802621491750247,0.9192648457139883,0.8300731007615317,0.5709017045182665,0.0
0.0,0.0,0.5515440336866986,0.7661304277845744,0.1672421469254185,0.8707972855040182,0.4256765546591111,0.14847472208907375,1.0
0.00407874919652235,0.12084796869689031,0.8898320347817323,0.707269337810847,0.41634968195148786,0.8477626248811432,0.38010356961979364,0.23731265526913417,0.0
0.0422720286000177,0.10235204162066443,0.7931727884099322,0.611672773628805,0.466503246997014,0.8795477576752244,0.295330942922197,0.10684553735507683,0.0
0.16475392047393586,0.16214315004737037,0.8675270246418636,0.7442534229340163,0.6422784567406432,0.8768072108684044,0.3543771057651979,0.04007295299817154,0.0
0.0,0.0,0.4177067686777116,0.41134905048010584,0.0760508477073373,0.959802013728785,0.2315850363197795,0.2600512920277008,1.0
0.0,0.0,0.6005323881462585,0.6628654637122517,0.19862295902323263,0.932994672606255,0.0221228451209647,0.04152180427384391,1.0
0.004837631211509398,0.0,0.761977832769607,0.5562015577098478,0.4712928111130252,0.9630922329464786,0.6767320130299407,0.33768680810927054,1.0
0.0,0.0,0.3463818858355223,0.9187563711269764,0.1879130991307545,0.7239232542690792,0.13203937662657078,0.31018107685386165,1.0
0.04564638697163949,0.1954253757121246,0.6633131256371181,0.8389439552409677,0.30001386426379895,0.7560116186680212,0.024692304520181476,0.09414671071626794,1.0
1.5146559530002259e-05,0.0,0.803679169503309,0.7424353139336217,0.45838708543753387,0.923809672671382,0.35689749914471774,0.08534342559068213,1.0
0.2603104583206915,0.5839700846139904,0.8251872183619886,0.7373051634749004,0.39686697723345127,0.8470936396910371,0.41325614008753103,0.11145938121663619,0.0
0.0,0.0,0.42021562080131947,0.7573323217614645,0.14008947073537953,0.7331806754978967,0.3090933076299292,0.17596981548013288,1.0
0.1544867126806523,0.10874610142030806,0.8275600917811223,0.6702663612807767,0.5288570102420793,0.8722337280033345,0.6831374660455609,0.625509430729476,0.0
0.09530843897664164,0.046201464189047727,0.8499506514370525,0.626580360644514,0.4896584699878655,0.9571294595756323,0.7768751195074619,0.6747519551483013,0.0
0.03553636541027533,0.03713130431464576,0.5410619666663061,0.5852399170893916,0.33597264122543047,0.8816214033579515,0.7066257819506835,0.5402934861344448,0.0
0.0,0.24232752675911795,0.5471494901248848,0.5896544610546091,0.11865094769933962,0.6820689565341982,0.028532340074456132,0.3508064591927802,0.0
0.10281073403540793,0.4813640736216525,0.5957902433928757,0.6936947284662516,0.354581341337806,0.5148309952717751,0.013650894217435908,0.14277938816345856,0.0
0.0,0.0,0.30114150070060486,0.7362336428753329,0.14774729014550517,0.9389801101949904,0.30245757438033993,0.28445748013046324,1.0
0.0006509292662030321,0.0,0.27633754417056533,0.23109933630709278,0.1972522536360068,0.8913409662251053,0.31584812522773253,0.2567789810699496,1.0
0.0,0.0,0.5414581960038474,0.6678558177598868,0.156453357621333,0.8901639899443814,0.35830794041596215,0.41988775152314123,1.0
0.1231302873917672,0.037157584582610974,0.7160980775672963,0.5530610502262059,0.4752812829946362,0.9410787646698711,0.391538562711997,0.27776139713172665,0.0
0.0,0.0,0.5254361224276609,0.47583600142970184,0.23506239132550433,0.9026850585492294,0.46302943115651546,0.09940706236496114,1.0
0.33030776862304995,0.1954253757121246,0.8705932994016914,0.8889275952825892,0.30507313336476455,0.6896612090187957,0.05385893221220819,0.05270917290329451,1.0
0.4087038166016706,0.1120669859083791,0.9558006173973501,0.7230701105449562,0.6479552393548418,0.9784247066025817,0.21022074688038836,0.28792335857182966,0.0
0.0,0.0,0.5019469268812786,0.5300822985250342,0.0899912536124548,0.9184416396389357,0.34298215941033583,0.18137426499554446,1.0
0.0,0.0,0.4579348526927385,0.40316755997832754,0.12439028983596678,0.8644601617756242,0.1906432555995169,0.07089561489266742,1.0
0.10669348948805103,0.6885843787702378,0.7906612347226583,0.8086013331288022,0.37131885988352636,0.8259570421893114,0.1755431863184586,0.16098532834200688,0.0
0.004819004474772932,0.0,0.842957203629461,0.5937312266643895,0.6084414533789317,0.8700881820431663,0.3650537210317321,0.15629066746714176,1.0
0.027983096779770445,0.6213975793158883,0.6476476584647193,0.8144652258316567,0.3476624528261456,0.5810730334883356,0.0027341546074626157,0.3009814254687405,0.0
0.21946580806185098,0.10728731904741103,0.8566973564299021,0.648024374448843,0.5759581661140551,0.8964255662798122,0.4475858928229531,0.19156905523783077,0.0
0.0,0.0,0.24731554623816354,0.1656013172600206,0.08360544832975,0.970955935029242,0.2661668656003212,0.13301448577562522,1.0
0.076173001932133,0.5206290846596788,0.6757835435149859,0.8173850816826649,0.26445150407795326,0.5929688822893464,0.007155250595991536,0.09191200057681395,0.0
0.2722168966024847,0.03518151239788508,0.9284715993617096,0.7081171841526785,0.5383181572908324,0.9816242689487189,0.049665537387008324,0.06390200642682749,0.0
0.0857318048403671,0.0819968051980393,0.8468069318521563,0.6013127260829121,0.4507107577292829,0.8323447045185155,0.5571979035745933,0.010442494828207203,0.0
0.04747128114688803,0.1954253757121246,0.7878426032987891,0.6517497598902171,0.5749008187495932,0.8742354734086204,0.18531542626220143,0.20705520234926356,1.0
0.2162824272456313,0.11573968081351532,0.7583505332886675,0.81337556948146,0.4997956492167532,0.8397082307582093,0.4177540565008912,0.09921083015335708,0.0
0.317128841841992,0.38242531320431117,0.8342122420456937,0.7857941154023154,0.4484405638008098,0.8222411524885054,0.2349022327610528,0.4014731631476037,0.0
0.0015818688109146108,0.0,0.8782693422953214,0.6700955829623689,0.6126845286540383,0.981350214268037,0.17581265598512072,0.1373722437183626,1.0
0.0,0.0,0.6008502721375129,0.5686729088912781,0.14746982789775098,0.8523038047230145,0.07645022633341057,0.12041205929228005,1.0
0.0,0.0,0.368259148395091,0.49757320986917275,0.14235786545080767,0.5185468849725816,0.0035799225899160155,0.048469286106562016,1.0
0.2826296237831278,0.06876408622362935,0.9664816996077326,0.7690956230121513,0.8702067766238515,0.9837739830409129,0.22552835141416,0.02894600243769787,0.0
0.0,0.0,0.7161377005010499,0.5472953928392501,0.41239778423669043,0.9184864470582106,0.6231062299842277,0.38520610792213134,1.0
0.0,0.0,0.3005039316756539,0.4478631173995149,0.09633666508753772,0.7272702642856212,0.17628843405523503,0.11911047744484102,1.0
0.014989964960564513,0.1954253757121246,0.0,0.7207094403382923,0.12270096151567358,0.42221926979537105,0.025747182266078732,0.39934598478087857,1.0
0.01879137606670829,0.060329234176360394,0.6439122964371782,0.42644328459602043,0.3349832510225318,0.8982788219816862,0.8958264104433898,0.5278347137659618,0.0
0.03315771213111619,0.009322322967956336,0.751031096798827,0.5201491967751615,0.39816996142148037,0.8428650697510847,0.3405807351596862,0.4003128554008178,0.0
0.22087949681235922,0.12382247140832361,0.8418666724300019,0.7105473747367483,0.36662604033779606,0.8735925390436745,0.313291211398437,0.23197627233368415,0.0
0.001767887495142451,0.0,0.7746031402976046,0.6879011117970792,0.26205695798231415,0.9024224662316178,0.10261272145967343,0.11723587809233277,1.0
0.03125664510924693,0.023369167380862366,0.6176386892733516,0.5554345665895646,0.3107178250971136,0.9198676618081878,0.367021599248293,0.3105348104732973,0.0
0.05002846488199174,0.21508662478392127,0.6545726666594627,0.6515321308826882,0.22938962007153701,0.8633019420890156,0.4847846060616934,0.23011774743388752,0.0
0.007649958760385452,0.1302017044299212,0.6733773508106493,0.5284281669365614,0.31867471205917974,0.8011488413895509,0.25194922653330293,0.35167886236202894,0.0
0.007208043741666434,0.0,0.6919451978805329,0.4737443448573435,0.44743040890965585,0.8991932059447985,0.6268775036605516,0.3054890499995812,1.0
0.0,0.0,0.49978567594923984,0.3497698648811012,0.12890963279934708,0.8408424836856709,0.548861676756309,0.18437950171083597,1.0
0.008592741955046905,0.0,0.21108937853229381,0.5740818965158958,0.0924300279041721,0.24710145493858526,0.019521267864712047,0.38718379376060746,1.0
0.1818341513264363,0.15291410045733628,0.965949491565719,0.6858124778498249,0.6602127764094501,0.9755922003829474,0.4035816481378902,0.07165194270407664,0.0
0.25732377569649323,0.3286946385366443,0.7110407503863234,0.7151175838948491,0.3044265964804473,0.6517312075860002,0.020898698025604026,0.31825436407270424,0.0
0.0,0.0,0.5303205495340704,0.45891383478180003,0.09881481559917121,0.7532669037291755,0.3023054189101233,0.32626320054374874,1.0
2.425816174726924e-05,0.0,0.5750944646761544,0.3926458019893406,0.18379484794754697,0.655820145103096,0.015198591723288381,0.3391510168947212,1.0
0.5024180653962175,0.43492836202918933,0.9088816607052168,0.775042637905381,0.4685700413655302,0.865415706042489,0.43107308728933913,0.19262086242002674,0.0
0.5689956553040648,0.5725836211454142,0.9155365125334542,0.7774879416149734,0.46941903396033796,0.8352790694645256,0.441373468875545,0.2601152462915695,0.0
0.24752584500052305,0.1954253757121246,0.7352107399762984,0.7753010723518212,0.4913682532958081,0.4903348833574306,0.0206671574015993,0.19722587338926142,1.0
0.011184290186662416,0.15957010000246014,0.5544040890867636,0.6448249257756622,0.21164312644649536,0.6531285738475767,0.0023928880483264922,0.040945098397616404,0.0
0.0013171509274930646,0.0,0.3985472791651796,0.46694192705952187,0.16975485117610206,0.9412012035481223,0.5561118500244518,0.1336266356871394,1.0
0.0,0.0,0.6677725067268936,0.6621823504386208,0.26113859245174376,0.8090344261654487,0.4149428951472156,0.46462437270761525,1.0
0.0,0.0,0.6289870577090015,0.667991835889592,0.3762931825325378,0.7765130970523493,0.34164013749996447,0.20843177735998886,1.0
0.0,0.0,0.516454323762594,0.4252160988035696,0.02757529953615845,0.9604522423247759,0.21053411002050748,0.1759655910197371,1.0
0.0,0.0,0.4913171743805309,0.3425095193799388,0.12806022727039781,0.8388407382803851,0.5516020263741286,0.18471107515207247,1.0
0.4010555140339974,0.5473684963632501,0.8095964944509886,0.8097408627932232,0.3717169283958778,0.8245628020267541,0.2681625204823962,0.17041244156389485,0.0
0.018495685345727323,0.1954253757121246,0.7780053094731221,0.516461594147593,0.42156374236490307,0.8476511273494589,0.7466859924628604,0.39961412652591494,1.0
0.42131865237273225,0.1940691883674214,0.9548226513506011,0.7232552463326112,0.6218998029168576,0.9794552772459069,0.11708494312387754,0.02529083046719023,0.0
0.0,0.0,0.623800055472107,0.392472001045828,0.2801404058667737,0.981410652182408,0.583812950084691,0.41810944458516375,1.0
0.0,0.0,0.47943029425431494,0.5049461481554811,0.19943844496199187,0.9027819676188242,0.17765247353372332,0.09813285100968541,1.0
0.0,0.0,0.5943160901529803,0.5782546304727463,0.19631359534191412,0.8350003256353147,0.16848396893817932,0.18018827166940832,1.0
0.06226750622783928,0.1954253757121246,0.6708378809655029,0.982103036755877,0.14599074204604415,0.6433543042475871,0.0015185289301865212,0.1645872074966229,1.0
0.0,0.0,0.6694870991329784,0.6857716724109135,0.2579365831378078,0.9162718664113685,0.10106309257802135,0.15317803815253206,1.0
0.0,0.0,0.6583764682998519,0.780287648118076,0.22914634287163516,0.8319122608208618,0.6207828227716036,0.11116939167424969,1.0
0.1256169264696068,0.8214804460999391,0.7759665294272322,0.6039749031437562,0.45236296621978983,0.8338160551235463,0.3276044460059024,0.2983730120947375,0.0
0.012123377801995181,0.1954253757121246,0.7898147447742749,0.5439153423160716,0.5956159549080637,0.8440925846326182,0.35402265593030857,0.2307296670262562,1.0
0.15972603187120124,0.1619169200868984,0.8666301055050658,0.6621589250940598,0.6488518963476904,0.8569486668490227,0.3721487492726134,0.15382027269670992,0.0
0.0,0.0,0.5823886865717887,0.6987092635147221,0.18361811213500917,0.9642598309301449,0.4398703249369633,0.424386042721608,1.0
0.15578369600665692,0.5277707906259367,0.6931527968388105,0.745464739944671,0.2824061165102823,0.6508663201906919,0.02297922949014337,0.2709969759770325,0.0
0.0012159847322679939,0.0,0.45582583199155646,0.3595903738458297,0.1857174693101078,0.9174537923488728,0.5312828512166222,0.47383794086467174,1.0
0.24728986041972065,0.453819026575109,0.739983502451218,0.8598831906528339,0.3444677583455723,0.8095075091503525,0.08748193059877042,0.21447398380813903,0.0
0.006256153104914538,0.0,0.5765389007157351,0.6287098000306797,0.22300565824482077,0.7123327211389423,0.09308962919668648,0.05163788047794253,1.0
4.591300857531935e-05,0.0,0.5996246627548034,0.5240483831600482,0.14211449976501836,0.8091563440271972,0.6495234677452323,0.4870221308084145,1.0
0.003311846457018561,0.0,0.6628376504320697,0.7119075560338022,0.4010815010622067,0.8644372370494837,0.1977064777592239,0.1126208844523795,1.0
0.06893799779522893,0.3609009735654707,0.7857353836400511,0.6216489477864178,0.6279654515111126,0.8598251989631773,0.46124001589995167,0.09191349993186936,0.0
0.03725216441969034,0.0016128293607923377,0.7902884189368811,0.5384919972222075,0.4788256737024205,0.9643968582704856,0.6806925948761084,0.3551624484928761,0.0
0.011950039184327004,0.44723662747,0.8664202840604149,0.7258554595788125,0.44240417454000575,0.9733583421254868,0.22498002941683756,0.09468488768607228,0.0
0.12420288272160955,0.47859797735761145,0.7977339283977569,0.7045769344989585,0.4513263835435834,0.9000450679275267,0.6807818953229908,0.5991855575718289,0.0
0.002699757290435516,0.0,0.7628873592035079,0.6998412366163826,0.3686951943299777,0.8838774048167974,0.44309744336261997,0.4781186823928232,1.0
0.072891782328793,0.00508267344757201,0.8797119772924562,0.5983006801662141,0.7307405119937975,0.8283724746981362,0.623352971141824,0.19267382757465917,0.0
0.004954877914736468,0.0,0.7997492948918827,0.6314921264394302,0.5363879851325422,0.9245703567660506,0.2493962461746523,0.037215635652725114,1.0
0.0695754401613866,0.06961731630861488,0.7577327757305907,0.5077035379071173,0.4875409437105433,0.9535055292876402,0.5206271049954556,0.28849795285391927,0.0
0.1432845598338801,0.30766104171655995,0.7997474938494387,0.6574882136512326,0.3811849183532605,0.9378703450431791,0.597404469142573,0.21761071769537535,0.0
0.0011019122058076643,0.0,0.6469308435722594,0.5880826960002352,0.3420045472012702,0.9517924270251261,0.45649607772178735,0.4387994200363301,1.0
0.002322786011566529,0.0,0.7254328805512626,0.6312593843063796,0.29926775126080224,0.9528975030284084,0.5111491059736505,0.47523798118089167,1.0
0.023099743925519632,0.1954253757121246,0.7538893511564497,0.4976502868093391,0.3998193383635889,0.9071751787737878,0.3872501483629815,0.20034488278675586,1.0
0.023533659944828655,0.6405491951554184,0.6167507753487724,0.6898514606457988,0.23682880560141617,0.41597540802104893,0.014556354625545064,0.11288866770299343,0.0
0.11071501937576296,0.17780890407485672,0.6725920963053413,0.6106314792802827,0.34695881304912585,0.3179096817891707,0.008326252048783804,0.06276800319844963,0.0
0.21692358229386124,0.24981164500482236,0.701008943976773,0.6733146786987296,0.39495945746234895,0.7726257929219909,0.5201159386029389,0.5640709301684003,0.0
0.006154361272838763,0.0,0.7926910095563313,0.6818702190571981,0.5665675718128973,0.9323163091190914,0.13958591259150616,0.045045123106834936,1.0
0.13297907147803442,0.30097041497657084,0.770222104554116,0.6412997892474648,0.38192277267342833,0.8106558295234003,0.5980027265947299,0.30600442192739447,0.0
0.0010924456061014128,0.0,0.6979723864172582,0.792288981095747,0.2839835249305964,0.8067263230562829,0.07222002067549706,0.08888249061950604,1.0
0.41365452283367515,0.47506515623689904,0.9217068839444265,0.7522656464299393,0.6226445001456551,0.8934641084756358,0.5392046316933105,0.3777794129204165,0.0
0.08370515375887909,0.05966810108291648,0.710071789551793,0.47870447265393246,0.3700904398033236,0.8858218384067316,0.858129948392808,0.13553059083998448,0.0
0.0005043244324196605,0.0,0.4297287269871797,0.6755816475271521,0.1297101793707748,0.12752399932267844,0.04507249241663276,0.09996224336848546,1.0
0.07916742793905972,0.10852148750019454,0.6331924918142624,0.42685285029769027,0.34860465055573636,0.7618595078999126,0.13439536249604542,0.23543019913081392,0.0
0.0,0.0,0.6491605341171462,0.41622832305514823,0.13239674364265397,0.9623622888254988,0.28538192061313555,0.08983632345429753,1.0
0.0,0.0,0.6846050494025944,0.7169976567098875,0.3292783888867153,0.9732103734385786,0.1366727013082281,0.24403279838354197,1.0
0.0037252828653273245,0.0,0.7069920069736364,0.497065408851606,0.4515420531466002,0.8297750511247446,0.5242529225521303,0.6017509648729558,1.0
0.34492547064383766,0.2580380749149868,0.7329720442191947,0.8609743583155813,0.4088753380289943,0.6325213291130996,0.012574444149236946,0.2569669319545745,0.0
0.0,0.0,0.43883479758083954,0.2870503939613993,0.13078426531561305,0.8397045836426869,0.5930073266158044,0.13483269330988243,1.0
0.0,0.0,0.6599046528130481,0.46885071481305385,0.41734851064904793,0.9411616062938792,0.9646785017355672,0.7141109963008914,1.0
0.0238413669610227,0.028217649319618766,0.8341654149421691,0.5868532432389539,0.39713739010550514,0.9394073437276127,0.5629601475322394,0.2526086661471158,0.0
0.005806812259814616,0.03839986461661121,0.5490225742659858,0.5293251309363409,0.3234918837720761,0.806681515637008,0.35730082021842746,0.21331711023413819,0.0
0.014593478989000286,0.23618021906352754,0.7260524391517817,0.5771143451520491,0.2867605660223955,0.8441155093587591,0.47053253940275536,0.06908959413514282,0.0
0.04300830818373345,0.02441414536129265,0.8448618060133208,0.6031308350833076,0.618751828984859,0.9574188842431584,0.07423123126221395,0.05910476071138268,0.0
0.03128098462458542,0.09224974971771069,0.8124178274385221,0.6251990209717269,0.5553213694612757,0.8812035481223868,0.48595640451800864,0.2700440860309518,0.0
0.08527521890328496,0.16295410420278436,0.7291340227723806,0.7215467074922559,0.366870261387164,0.4910622223958945,0.007820929546880026,0.13722003651916626,0.0
0.3033519217907399,0.28291676519805936,0.836822853067356,0.7374804757309654,0.4226699339392385,0.680376694931812,0.01713915059935243,0.25538050348551583,0.0
0.19519980678670001,0.1954253757121246,0.7809302024011489,0.7246260068175312,0.38853962935591885,0.841019629296758,0.3646830635058342,0.22768802685364473,1.0
0.027771017212171588,0.1954253757121246,0.757403184963457,0.5214028305372791,0.4914378621939371,0.8223359774920871,0.4778329712062808,0.5603237700611778,1.0
0.10617590314911172,0.36913499729634874,0.7599435553298255,0.7125725335568056,0.37332642769804125,0.9250470868664764,0.6132383504187793,0.2352422920904016,0.0
0.0,0.0,0.6012924280573602,0.571743895997515,0.14422316270594737,0.9648152345225536,0.2699520801137703,0.12422833139374256,1.0
0.40776061785656303,0.4607277716943533,0.8141090062928429,0.6594196710930493,0.31913483867393105,0.745260964141039,0.2197184453444137,0.1318655530321203,0.0
0.01601255371703671,0.00016619444114045244,0.9145117193831789,0.623637835105221,0.781891254000318,0.9433066312375447,0.6945420381136896,0.5195342875174883,0.0
0.0,0.0,0.6882935843266091,0.5582304948112862,0.28924218223128756,0.8835595847498472,0.262356869373689,0.2680329297493723,1.0
0.04859773625201225,0.12420237425511521,0.6017426886682005,0.5538031046893757,0.18432835885829202,0.47853490159300804,0.024599356487062723,0.23134983934371045,0.0
0.0,0.0,0.5129621024649067,0.5417851472736297,0.33456842918215607,0.9569176663670822,0.42003689976707126,0.08199795232037917,1.0
8.591678811525206e-05,0.0,0.6944639557375814,0.7438378119821394,0.2928703395791933,0.8809201151446473,0.1991636607327677,0.29677955615593077,1.0
6.449121049883774e-06,0.0,0.43681763004426966,0.4949495712784113,0.2654833675068289,0.8598314511612157,0.4455931938357534,0.2217933257898898,1.0
0.3021286891930718,0.413071369111902,0.9315063558787822,0.831559682110516,0.6036077643003777,0.965016867909291,0.12114230507047187,0.32464066563765465,0.0
0.0,0.0,0.2656564619601829,0.3283394528897432,0.06142859904880915,0.9046888880205279,0.3852958605551075,0.1811978953469179,1.0
0.0,0.0,0.3218336773324397,0.47462846270042824,0.12971327637683563,0.7807307256457348,0.3449640974312325,0.13573335347637727,1.0
0.2386849283686067,0.24527170125683379,0.7995457770957808,0.5895758728018903,0.6448664919768445,0.8505260964141041,0.19256450973935815,0.5095517297510697,0.0
0.030006273693124072,0.0016353936184794182,0.9158084699424025,0.642515640195775,0.8044424133328294,0.9591043726310033,0.521126521448628,0.338076019231539,0.0
0.0,0.0,0.3465872046740648,0.8679354639313921,0.13687895202860018,0.6990499264064192,0.015269340773504132,0.22592989002461,1.0
0.08095492904546855,0.1954253757121246,0.8416604530702374,0.8104292656607877,0.30261629320435907,0.8321524494288357,0.3187744799710852,0.2470746262505844,1.0
0.021634512128134213,0.1954253757121246,0.7747166059715367,0.5304487918189631,0.6391387414914735,0.9696518307217383,0.8471541762579111,0.3274654088002311,1.0
0.6207110978368346,0.34885585597798113,0.9241391917641932,0.8151173571979662,0.5642537248466146,0.8523600745053601,0.5625634326709479,0.27154993534012134,0.0
0.008507390944179722,0.021590720850020905,0.771410792566738,0.5081176375464445,0.46412356653046677,0.8763945657978716,0.3002157761706334,0.38479859350353646,0.0
0.00010176594684220268,0.0,0.598666508174932,0.5272606779899238,0.2678116081774705,0.935013090539643,0.22945837887928594,0.1196732698892416,1.0
0.05983498577761727,0.08618090627292266,0.953364707492697,0.6947881630978276,0.9057700806591633,0.9457835436937465,0.968282942911672,0.5634103213012369,0.0
0.006630622760853339,0.0,0.72894671435827,0.6752219551397092,0.35686120972330715,0.962148411550936,0.5109338153153087,0.25102027778301617,1.0
0.0,0.0,0.41468642050018634,0.5384073637192799,0.046677219985192475,0.6671553801466663,0.020442346523170236,0.19909809893200273,1.0
6.98366051231618e-05,0.0,0.547780755501285,0.36481195871396377,0.27936880892819066,0.8614726531462886,0.735997627408461,0.5218820685641848,1.0
0.00025447403335367077,0.0,0.6695537377033807,0.47107687820256583,0.16516845065768093,0.9383653107212173,0.5993834582527049,0.14262062914734205,1.0
0.023180398615438795,0.1954253757121246,0.8004444972750226,0.8024593589163285,0.6060096252293794,0.9377921925676995,0.18611169735958413,0.27783643788893,1.0
1.0,0.10332422325883102,0.8785620116923676,0.7262468895298531,0.7043365591404351,0.9064509658343427,0.8769622608887673,0.39624661303785663,0.0
0.0019145496462287313,0.0,0.7486573228584712,0.5390013095523267,0.395291692474436,0.8256235916272647,0.2266427900873428,0.06454836081892135,1.0
0.0,0.0,0.3496795945493245,0.7031631016062985,0.11958793950921864,0.3656118687559431,0.014688728238732142,0.1302406609438569,1.0
0.06761452278160886,0.1954253757121246,0.8696027260578427,0.6330004163666079,0.5552427939932181,0.9759233063707295,0.0533582681972524,0.11846353394816511,1.0
0.14394316892531847,0.10752561439657868,0.8526351051988899,0.6505119949098992,0.5685923648801696,0.8990108501686791,0.23333607903001696,0.031096977828657342,0.0
0.4257249403722551,0.4360991911137486,0.912899786396367,0.7987521092255809,0.6491503887413625,0.8950542508433954,0.5023587986839284,0.4162117573752592,0.0
0.09428790254940264,0.1954253757121246,0.5236783050029361,0.7544963437571077,0.2840354366512351,0.4363200604379145,0.029568409676936067,0.7311022917976072,1.0
0.2997887824106791,0.6012762137435854,0.7809518149104706,0.7733242755334366,0.397142581277569,0.5591736678259283,0.021240103089753867,0.5280165302864214,0.0
0.04028304423126714,0.05559955081609096,0.8993586487859178,0.6094526554895028,0.772410050150409,0.9518565120550195,0.34805162415738106,0.2988377691059076,0.0
0.0,0.0,0.6847617400951664,0.6546711270537795,0.3018003353408667,0.863305589204538,0.09532381595191376,0.04966094322677826,1.0
0.0012604777508873754,0.0,0.6003883047507896,0.7404834537723497,0.2050548212103563,0.8803501230901492,0.18901737306626148,0.11205496296008553,1.0
0.001815930488651677,0.0,0.5992338365445926,0.7273622381934377,0.24883362696146116,0.832498925403462,0.1150909993345615,0.3360061950390592,1.0
0.14851231202291296,0.7026813969216031,0.7673449392508394,0.7653279208193116,0.44951324871909676,0.838558868352155,0.62552383393263,0.612069687804113,0.0
0.0,0.0,0.6950465929680094,0.5268428000692165,0.3094216838177142,0.9417894311802328,0.38235592914177347,0.1913806127275595,1.0
2.6558249644647516e-05,0.0,0.5176123940536792,0.4240418089504461,0.20124261321655001,0.8254047646959219,0.15835893807109785,0.03190521628534932,1.0
0.0,0.0,0.6259171808642838,0.617442209297141,0.2837909796395005,0.9556932775845675,0.6768436298692136,0.26096453703714334,1.0
0.0,0.0,0.6026378067625542,0.43604616455322187,0.3262099342722404,0.8790246571060139,0.353135023042153,0.09774477902484567,1.0
0.0,0.21779615963541626,0.46662128039709483,0.6771201637053759,0.16164860003601672,0.48737550961926734,0.0010862274090758376,0.08409619732523836,0.0
0.09344909525339958,0.29200173616079517,0.9379630930382499,0.6629516085277318,0.7748546202677544,0.9705003060971955,0.707074052008165,0.058813966484093594,0.0
0.38142329498256017,0.9547707017594066,0.8062123356999029,0.84226053063695,0.4401191149824408,0.7437844033709768,0.30030079798146314,0.14474990904469723,0.0
0.0,0.0,0.1535055490117685,0.450881964222698,0.04122868671767693,0.6105938285595198,0.0027607286295460113,0.25433482072336994,1.0
5.146076881332856e-06,0.0,0.2299156751928022,0.12399034875804116,0.030694663031214153,0.9352892292863375,0.1945593082799366,0.05032463114714489,1.0
0.370379441432751,0.9692097556371252,0.8001293148474344,0.8486488487954462,0.4316383915666579,0.7432592187357536,0.30385871946415016,0.1556132131161391,0.0
0.13375000769161227,0.30081527510215883,0.8567270736302168,0.6662462698917055,0.476922401253916,0.7977971422244798,0.25073579115456973,0.16170554771481221,0.0
0.0005170072146176665,0.0,0.13673154021547695,0.5457719897865498,0.06703816188383976,0.3425766871165643,0.010917834048550531,0.08067802321778378,1.0
0.0,0.0,0.30720741164986354,0.6492115104586604,0.01686728309966888,0.8157930522449299,0.06443205469921756,0.04772693122523239,1.0
